"resource_decrease","capacity_mult","rel_amplitude","perturbed_verdict","error","species"
0.001,1,4.21755726170646e-07,"settled",NA,"cod"
0.00187381742286038,1,6.33619676318592e-07,"settled",NA,"cod"
0.00351119173421513,1,4.59027746604256e-07,"settled",NA,"cod"
0.00657933224657568,1,2.47910633907932e-07,"settled",NA,"cod"
0.0123284673944207,1,1.23687510499616e-07,"settled",NA,"cod"
0.0231012970008316,1,6.30564635439462e-08,"settled",NA,"cod"
0.0432876128108306,1,3.28623504162699e-08,"settled",NA,"cod"
0.0811130830789687,1,1.73773088806526e-08,"settled",NA,"cod"
0.151991108295293,1,9.27000849024871e-09,"settled",NA,"cod"
0.28480358684358,1,4.96512173324161e-09,"settled",NA,"cod"
0.533669923120631,1,2.65403678577501e-09,"settled",NA,"cod"
1,1,1.39792382739583e-09,"settled",NA,"cod"
0.001,1.39495079396242,1.37924233240276e-07,"settled",NA,"cod"
0.00187381742286038,1.39495079396242,8.11103377961104e-08,"settled",NA,"cod"
0.00351119173421513,1.39495079396242,4.02822789788071e-08,"settled",NA,"cod"
0.00657933224657568,1.39495079396242,2.02349212712043e-08,"settled",NA,"cod"
0.0123284673944207,1.39495079396242,1.04195713823362e-08,"settled",NA,"cod"
0.0231012970008316,1.39495079396242,5.45613703431649e-09,"settled",NA,"cod"
0.0432876128108306,1.39495079396242,2.88685190260065e-09,"settled",NA,"cod"
0.0811130830789687,1.39495079396242,1.53564908574335e-09,"settled",NA,"cod"
0.151991108295293,1.39495079396242,8.16781937108765e-10,"settled",NA,"cod"
0.28480358684358,1.39495079396242,4.29860977498205e-10,"settled",NA,"cod"
0.533669923120631,1.39495079396242,2.18153924545858e-10,"settled",NA,"cod"
1,1.39495079396242,1.00471380962165e-10,"settled",NA,"cod"
0.001,1.94588771757639,3.31766318492449e-08,"settled",NA,"cod"
0.00187381742286038,1.94588771757639,1.65020237992098e-08,"settled",NA,"cod"
0.00351119173421513,1.94588771757639,8.25786346707162e-09,"settled",NA,"cod"
0.00657933224657568,1.94588771757639,4.23961428161951e-09,"settled",NA,"cod"
0.0123284673944207,1.94588771757639,2.21495420949637e-09,"settled",NA,"cod"
0.0231012970008316,1.94588771757639,1.16976285607389e-09,"settled",NA,"cod"
0.0432876128108306,1.94588771757639,6.21303087007234e-10,"settled",NA,"cod"
0.0811130830789687,1.94588771757639,3.30086830833111e-10,"settled",NA,"cod"
0.151991108295293,1.94588771757639,1.73664398049149e-10,"settled",NA,"cod"
0.28480358684358,1.94588771757639,8.827662944622e-11,"settled",NA,"cod"
0.533669923120631,1.94588771757639,4.08799438442816e-11,"settled",NA,"cod"
1,1.94588771757639,1.54434112494803e-11,"settled",NA,"cod"
0.001,2.71441761659491,8.71276972171855e-09,"settled",NA,"cod"
0.00187381742286038,2.71441761659491,4.32008594004796e-09,"settled",NA,"cod"
0.00351119173421513,2.71441761659491,2.20132554661508e-09,"settled",NA,"cod"
0.00657933224657568,2.71441761659491,1.14431816206898e-09,"settled",NA,"cod"
0.0123284673944207,2.71441761659491,6.0240983797857e-10,"settled",NA,"cod"
0.0231012970008316,2.71441761659491,3.19399301717433e-10,"settled",NA,"cod"
0.0432876128108306,2.71441761659491,1.69695880215065e-10,"settled",NA,"cod"
0.0811130830789687,2.71441761659491,8.96106421550783e-11,"settled",NA,"cod"
0.151991108295293,2.71441761659491,4.61423391853257e-11,"settled",NA,"cod"
0.28480358684358,2.71441761659491,2.21063582732676e-11,"settled",NA,"cod"
0.533669923120631,2.71441761659491,8.94395116922852e-12,"settled",NA,"cod"
1,2.71441761659491,2.73624876923975e-12,"settled",NA,"cod"
0.001,3.78647900941465,2.18675715173193e-09,"settled",NA,"cod"
0.00187381742286038,3.78647900941465,1.10150208961589e-09,"settled",NA,"cod"
0.00351119173421513,3.78647900941465,5.68243992491046e-10,"settled",NA,"cod"
0.00657933224657568,3.78647900941465,2.97722487920713e-10,"settled",NA,"cod"
0.0123284673944207,3.78647900941465,1.5743434095993e-10,"settled",NA,"cod"
0.0231012970008316,3.78647900941465,8.35976849907778e-11,"settled",NA,"cod"
0.0432876128108306,3.78647900941465,4.42888622935113e-11,"settled",NA,"cod"
0.0811130830789687,3.78647900941465,2.30885507118009e-11,"settled",NA,"cod"
0.151991108295293,3.78647900941465,1.14465123155122e-11,"settled",NA,"cod"
0.28480358684358,3.78647900941465,4.99781632407053e-12,"settled",NA,"cod"
0.533669923120631,3.78647900941465,1.69912606045461e-12,"settled",NA,"cod"
1,3.78647900941465,4.69232674223011e-13,"settled",NA,"cod"
0.001,5.281951900505,1.47071606388135e-10,"settled",NA,"cod"
0.00187381742286038,5.281951900505,7.39733221008941e-11,"settled",NA,"cod"
0.00351119173421513,5.281951900505,3.81692050038518e-11,"settled",NA,"cod"
0.00657933224657568,5.281951900505,2.00033312628132e-11,"settled",NA,"cod"
0.0123284673944207,5.281951900505,1.05734598660582e-11,"settled",NA,"cod"
0.0231012970008316,5.281951900505,5.60087264994641e-12,"settled",NA,"cod"
0.0432876128108306,5.281951900505,2.94311197117005e-12,"settled",NA,"cod"
0.0811130830789687,5.281951900505,1.49780725101138e-12,"settled",NA,"cod"
0.151991108295293,5.281951900505,6.9826185051776e-13,"settled",NA,"cod"
0.28480358684358,5.281951900505,2.66771372960335e-13,"settled",NA,"cod"
0.533669923120631,5.281951900505,7.75704374184649e-14,"settled",NA,"cod"
1,5.281951900505,2.52760586078875e-14,"settled",NA,"cod"
0.001,7.36806299728077,5.63906582252823e-10,"settled",NA,"cod"
0.00187381742286038,7.36806299728077,2.92728065147921e-10,"settled",NA,"cod"
0.00351119173421513,7.36806299728077,1.53927007527997e-10,"settled",NA,"cod"
0.00657933224657568,7.36806299728077,8.15553415374496e-11,"settled",NA,"cod"
0.0123284673944207,7.36806299728077,4.33316847169508e-11,"settled",NA,"cod"
0.0231012970008316,7.36806299728077,2.2928894661791e-11,"settled",NA,"cod"
0.0432876128108306,7.36806299728077,1.1893681354476e-11,"settled",NA,"cod"
0.0811130830789687,7.36806299728077,5.81511674519429e-12,"settled",NA,"cod"
0.151991108295293,7.36806299728077,2.45992560068639e-12,"settled",NA,"cod"
0.28480358684358,7.36806299728077,7.96703568363478e-13,"settled",NA,"cod"
0.533669923120631,7.36806299728077,2.2281510643788e-13,"settled",NA,"cod"
1,7.36806299728077,8.82783583564552e-14,"settled",NA,"cod"
0.001,10.2780853280219,8.26487008335786e-10,"settled",NA,"cod"
0.00187381742286038,10.2780853280219,4.31954691984988e-10,"settled",NA,"cod"
0.00351119173421513,10.2780853280219,2.28059740024259e-10,"settled",NA,"cod"
0.00657933224657568,10.2780853280219,1.21067810865666e-10,"settled",NA,"cod"
0.0123284673944207,10.2780853280219,6.42578652959902e-11,"settled",NA,"cod"
0.0231012970008316,10.2780853280219,3.37288010730755e-11,"settled",NA,"cod"
0.0432876128108306,10.2780853280219,1.70517529364679e-11,"settled",NA,"cod"
0.0811130830789687,10.2780853280219,7.80215798489105e-12,"settled",NA,"cod"
0.151991108295293,10.2780853280219,2.8811383356338e-12,"settled",NA,"cod"
0.28480358684358,10.2780853280219,8.12512186300069e-13,"settled",NA,"cod"
0.533669923120631,10.2780853280219,2.71475003496334e-13,"settled",NA,"cod"
1,10.2780853280219,1.09868222158314e-13,"settled",NA,"cod"
0.001,14.3374232887377,9.22675596282194e-10,"settled",NA,"cod"
0.00187381742286038,14.3374232887377,4.85347127283189e-10,"settled",NA,"cod"
0.00351119173421513,14.3374232887377,2.57198154515821e-10,"settled",NA,"cod"
0.00657933224657568,14.3374232887377,1.36599257896768e-10,"settled",NA,"cod"
0.0123284673944207,14.3374232887377,7.21665578060975e-11,"settled",NA,"cod"
0.0231012970008316,14.3374232887377,3.72710183279072e-11,"settled",NA,"cod"
0.0432876128108306,14.3374232887377,1.80256463947418e-11,"settled",NA,"cod"
0.0811130830789687,14.3374232887377,7.45257018243162e-12,"settled",NA,"cod"
0.151991108295293,14.3374232887377,2.3421399344117e-12,"settled",NA,"cod"
0.28480358684358,14.3374232887377,6.66761643409991e-13,"settled",NA,"cod"
0.533669923120631,14.3374232887377,2.71661684147842e-13,"settled",NA,"cod"
1,14.3374232887377,9.08358024842332e-14,"settled",NA,"cod"
0.001,20,9.42076996315455e-10,"settled",NA,"cod"
0.00187381742286038,20,4.96846641597256e-10,"settled",NA,"cod"
0.00351119173421513,20,2.63782655427092e-10,"settled",NA,"cod"
0.00657933224657568,20,1.40172962647829e-10,"settled",NA,"cod"
0.0123284673944207,20,7.36638603158845e-11,"settled",NA,"cod"
0.0231012970008316,20,3.71632877777886e-11,"settled",NA,"cod"
0.0432876128108306,20,1.68210861116286e-11,"settled",NA,"cod"
0.0811130830789687,20,6.06526463956494e-12,"settled",NA,"cod"
0.151991108295293,20,1.68829306375375e-12,"settled",NA,"cod"
0.28480358684358,20,5.86346263035399e-13,"settled",NA,"cod"
0.533669923120631,20,2.33584709171117e-13,"settled",NA,"cod"
1,20,5.62603517009213e-14,"settled",NA,"cod"
0.001,1,0.0501466005240547,"oscillating",NA,"anchovy"
0.00187381742286038,1,0.00122152388934825,"oscillating",NA,"anchovy"
0.00351119173421513,1,0.018719017912008,"oscillating",NA,"anchovy"
0.00657933224657568,1,0.325048136861765,"oscillating",NA,"anchovy"
0.0123284673944207,1,0.473697207821849,"oscillating",NA,"anchovy"
0.0231012970008316,1,0.49794461106595,"oscillating",NA,"anchovy"
0.0432876128108306,1,0.503418682842677,"oscillating",NA,"anchovy"
0.0811130830789687,1,0.504614014261054,"oscillating",NA,"anchovy"
0.151991108295293,1,0.503613463569066,"oscillating",NA,"anchovy"
0.28480358684358,1,0.499815996485295,"oscillating",NA,"anchovy"
0.533669923120631,1,0.49122254340232,"oscillating",NA,"anchovy"
1,1,0.474426406048531,"oscillating",NA,"anchovy"
0.001,1.39495079396242,0.00116254790497009,"oscillating",NA,"anchovy"
0.00187381742286038,1.39495079396242,4.34595609819329e-05,"oscillating",NA,"anchovy"
0.00351119173421513,1.39495079396242,3.59743547488949e-07,"settled",NA,"anchovy"
0.00657933224657568,1.39495079396242,3.10456913473318e-10,"settled",NA,"anchovy"
0.0123284673944207,1.39495079396242,4.69470495297282e-15,"settled",NA,"anchovy"
0.0231012970008316,1.39495079396242,3.9669194829345e-15,"settled",NA,"anchovy"
0.0432876128108306,1.39495079396242,2.8969824211878e-15,"settled",NA,"anchovy"
0.0811130830789687,1.39495079396242,3.80561818091597e-15,"settled",NA,"anchovy"
0.151991108295293,1.39495079396242,2.53867995254487e-15,"settled",NA,"anchovy"
0.28480358684358,1.39495079396242,2.70963427020502e-15,"settled",NA,"anchovy"
0.533669923120631,1.39495079396242,3.03670565659721e-15,"settled",NA,"anchovy"
1,1.39495079396242,3.39553966043018e-15,"settled",NA,"anchovy"
0.001,1.94588771757639,0.000422865603204997,"oscillating",NA,"anchovy"
0.00187381742286038,1.94588771757639,1.55913181877825e-05,"oscillating",NA,"anchovy"
0.00351119173421513,1.94588771757639,1.28022911490529e-07,"settled",NA,"anchovy"
0.00657933224657568,1.94588771757639,1.09829537999923e-10,"settled",NA,"anchovy"
0.0123284673944207,1.94588771757639,7.35329928709983e-15,"settled",NA,"anchovy"
0.0231012970008316,1.94588771757639,6.75333407504622e-15,"settled",NA,"anchovy"
0.0432876128108306,1.94588771757639,6.03922105814992e-15,"settled",NA,"anchovy"
0.0811130830789687,1.94588771757639,5.82210437798182e-15,"settled",NA,"anchovy"
0.151991108295293,1.94588771757639,5.77029513505314e-15,"settled",NA,"anchovy"
0.28480358684358,1.94588771757639,6.04042619294097e-15,"settled",NA,"anchovy"
0.533669923120631,1.94588771757639,6.32077212157382e-15,"settled",NA,"anchovy"
1,1.94588771757639,4.31770364439466e-15,"settled",NA,"anchovy"
0.001,2.71441761659491,0.000222490228298096,"oscillating",NA,"anchovy"
0.00187381742286038,2.71441761659491,8.16644145811621e-06,"oscillating",NA,"anchovy"
0.00351119173421513,2.71441761659491,6.70713229943173e-08,"settled",NA,"anchovy"
0.00657933224657568,2.71441761659491,5.78540675929846e-11,"settled",NA,"anchovy"
0.0123284673944207,2.71441761659491,1.25257301108767e-14,"settled",NA,"anchovy"
0.0231012970008316,2.71441761659491,8.91280723373505e-15,"settled",NA,"anchovy"
0.0432876128108306,2.71441761659491,7.99956339068212e-15,"settled",NA,"anchovy"
0.0811130830789687,2.71441761659491,4.6152717618421e-15,"settled",NA,"anchovy"
0.151991108295293,2.71441761659491,7.38909517896927e-15,"settled",NA,"anchovy"
0.28480358684358,2.71441761659491,7.36089733137092e-15,"settled",NA,"anchovy"
0.533669923120631,2.71441761659491,6.03273032343062e-15,"settled",NA,"anchovy"
1,2.71441761659491,6.88820416204584e-15,"settled",NA,"anchovy"
0.001,3.78647900941465,0.00013615612934892,"oscillating",NA,"anchovy"
0.00187381742286038,3.78647900941465,4.98326239751065e-06,"oscillating",NA,"anchovy"
0.00351119173421513,3.78647900941465,4.14564114288315e-08,"settled",NA,"anchovy"
0.00657933224657568,3.78647900941465,1.09406256677203e-09,"settled",NA,"anchovy"
0.0123284673944207,3.78647900941465,1.66196034420085e-10,"settled",NA,"anchovy"
0.0231012970008316,3.78647900941465,1.03050246887268e-11,"settled",NA,"anchovy"
0.0432876128108306,3.78647900941465,6.28194427837264e-13,"settled",NA,"anchovy"
0.0811130830789687,3.78647900941465,1.08095112407728e-13,"settled",NA,"anchovy"
0.151991108295293,3.78647900941465,3.26446438292203e-14,"settled",NA,"anchovy"
0.28480358684358,3.78647900941465,6.06171506700088e-14,"settled",NA,"anchovy"
0.533669923120631,3.78647900941465,6.74161228594675e-14,"settled",NA,"anchovy"
1,3.78647900941465,7.21371633611799e-14,"settled",NA,"anchovy"
0.001,5.281951900505,0.000101172596807245,"oscillating",NA,"anchovy"
0.00187381742286038,5.281951900505,0.00159782975145203,"oscillating",NA,"anchovy"
0.00351119173421513,5.281951900505,0.0677229710788014,"oscillating",NA,"anchovy"
0.00657933224657568,5.281951900505,0.132746368410399,"oscillating",NA,"anchovy"
0.0123284673944207,5.281951900505,0.0389082163770652,"oscillating",NA,"anchovy"
0.0231012970008316,5.281951900505,0.00213301130164899,"oscillating",NA,"anchovy"
0.0432876128108306,5.281951900505,0.000115493603710536,"oscillating",NA,"anchovy"
0.0811130830789687,5.281951900505,1.5592254134105e-05,"oscillating",NA,"anchovy"
0.151991108295293,5.281951900505,6.13542939302655e-06,"oscillating",NA,"anchovy"
0.28480358684358,5.281951900505,1.13829753675704e-05,"oscillating",NA,"anchovy"
0.533669923120631,5.281951900505,1.20868410438977e-05,"oscillating",NA,"anchovy"
1,5.281951900505,1.23437198333745e-05,"oscillating",NA,"anchovy"
0.001,7.36806299728077,0.0809945953949639,"oscillating",NA,"anchovy"
0.00187381742286038,7.36806299728077,0.694046324312801,"oscillating",NA,"anchovy"
0.00351119173421513,7.36806299728077,0.729732835408351,"oscillating",NA,"anchovy"
0.00657933224657568,7.36806299728077,0.686333608224632,"oscillating",NA,"anchovy"
0.0123284673944207,7.36806299728077,0.612457515954373,"oscillating",NA,"anchovy"
0.0231012970008316,7.36806299728077,0.495742300105516,"oscillating",NA,"anchovy"
0.0432876128108306,7.36806299728077,0.347654829111985,"oscillating",NA,"anchovy"
0.0811130830789687,7.36806299728077,0.214898095307858,"oscillating",NA,"anchovy"
0.151991108295293,7.36806299728077,0.175619452900779,"oscillating",NA,"anchovy"
0.28480358684358,7.36806299728077,0.173955813113194,"oscillating",NA,"anchovy"
0.533669923120631,7.36806299728077,0.173023958596002,"oscillating",NA,"anchovy"
1,7.36806299728077,0.173204573020466,"oscillating",NA,"anchovy"
0.001,10.2780853280219,0.943728400581715,"oscillating",NA,"anchovy"
0.00187381742286038,10.2780853280219,1.04592052384749,"oscillating",NA,"anchovy"
0.00351119173421513,10.2780853280219,0.976757607701775,"oscillating",NA,"anchovy"
0.00657933224657568,10.2780853280219,0.898320413746073,"oscillating",NA,"anchovy"
0.0123284673944207,10.2780853280219,0.828861772441097,"oscillating",NA,"anchovy"
0.0231012970008316,10.2780853280219,0.747626349569653,"oscillating",NA,"anchovy"
0.0432876128108306,10.2780853280219,0.670844684482436,"oscillating",NA,"anchovy"
0.0811130830789687,10.2780853280219,0.620699733656941,"oscillating",NA,"anchovy"
0.151991108295293,10.2780853280219,0.60159573844659,"oscillating",NA,"anchovy"
0.28480358684358,10.2780853280219,0.597681979196119,"oscillating",NA,"anchovy"
0.533669923120631,10.2780853280219,0.597023252075801,"oscillating",NA,"anchovy"
1,10.2780853280219,0.596278300658943,"oscillating",NA,"anchovy"
0.001,14.3374232887377,1.24951325219702,"oscillating",NA,"anchovy"
0.00187381742286038,14.3374232887377,1.22400983125263,"oscillating",NA,"anchovy"
0.00351119173421513,14.3374232887377,1.13001999384064,"oscillating",NA,"anchovy"
0.00657933224657568,14.3374232887377,1.03521320127222,"oscillating",NA,"anchovy"
0.0123284673944207,14.3374232887377,0.957380988429568,"oscillating",NA,"anchovy"
0.0231012970008316,14.3374232887377,0.888199535676781,"oscillating",NA,"anchovy"
0.0432876128108306,14.3374232887377,0.830010158398572,"oscillating",NA,"anchovy"
0.0811130830789687,14.3374232887377,0.791271726611609,"oscillating",NA,"anchovy"
0.151991108295293,14.3374232887377,0.779946287467087,"oscillating",NA,"anchovy"
0.28480358684358,14.3374232887377,0.777788576316689,"oscillating",NA,"anchovy"
0.533669923120631,14.3374232887377,0.776713586534476,"oscillating",NA,"anchovy"
1,14.3374232887377,0.775114241240193,"oscillating",NA,"anchovy"
0.001,20,1.41355468747633,"oscillating",NA,"anchovy"
0.00187381742286038,20,1.34014542024418,"oscillating",NA,"anchovy"
0.00351119173421513,20,1.22191914417058,"oscillating",NA,"anchovy"
0.00657933224657568,20,1.12044553475532,"oscillating",NA,"anchovy"
0.0123284673944207,20,1.04309459535789,"oscillating",NA,"anchovy"
0.0231012970008316,20,0.980437623117382,"oscillating",NA,"anchovy"
0.0432876128108306,20,0.930098482822091,"oscillating",NA,"anchovy"
0.0811130830789687,20,0.897109090764979,"oscillating",NA,"anchovy"
0.151991108295293,20,0.889611507783362,"oscillating",NA,"anchovy"
0.28480358684358,20,0.887293239254272,"oscillating",NA,"anchovy"
0.533669923120631,20,0.885078450915457,"oscillating",NA,"anchovy"
1,20,0.883086142547556,"oscillating",NA,"anchovy"
