"rel_amplitude","mean_yield","threshold_frac","threshold_bp","fish_level","schedule","mean_effort","background_level","effective_window","n_bursts","resource_decrease","step_type"
0.601227254164992,4.57555177448923e-06,0.5,3.70210829389887e-05,0.2,"Threshold (peaks)",0.100720164432809,0,2.75,4,0.005,"Smooth"
0.930118700174224,2.50648239829252e-06,0.5,3.70210829389887e-05,0.2,"Threshold (troughs)",0.108175353080463,0,3.23999999999999,5,0.005,"Smooth"
0.140144184113654,3.18030662512594e-06,0.5,3.70210829389887e-05,0.6,"Threshold (peaks)",0.0875629122214908,0,NA,0,0.005,"Smooth"
1.15985480168876,7.57155284691935e-06,0.5,3.70210829389887e-05,0.6,"Threshold (troughs)",0.360655607047096,0,4.09999999999999,4,0.005,"Smooth"
0.0723229246221151,1.93202765477231e-06,0.5,3.70210829389887e-05,1,"Threshold (peaks)",0.0551932768862329,0,NA,0,0.005,"Smooth"
1.28619642893835,1.18627628193676e-05,0.5,3.70210829389887e-05,1,"Threshold (troughs)",0.630679117499244,0,4.39999999999999,3,0.005,"Smooth"
0.0315155009804664,1.44735721538721e-06,0.5,3.70210829389887e-05,1.4,"Threshold (peaks)",0.0424877636403957,0,NA,0,0.005,"Smooth"
1.35346203255369,1.51688571100664e-05,0.5,3.70210829389887e-05,1.4,"Threshold (troughs)",0.866196024775912,0,4.64999999999999,4,0.005,"Smooth"
0.0110916970934809,1.55907453560808e-06,0.5,3.70210829389887e-05,1.8,"Threshold (peaks)",0.0461545115698002,0,NA,0,0.005,"Smooth"
1.36387057644986,2.45363988767436e-05,0.5,3.70210829389887e-05,1.8,"Threshold (troughs)",1.29256911974049,0,5.73333333333333,3,0.005,"Smooth"
0.00379309324560527,1.78878225897126e-06,0.5,3.70210829389887e-05,2.2,"Threshold (peaks)",0.0530625317475322,0,NA,0,0.005,"Smooth"
0.0124749964579496,5.30176309796618e-05,0.5,3.70210829389887e-05,2.2,"Threshold (troughs)",2.19999881634038,0,NA,0,0.005,"Smooth"
0.00140159290046361,2.00967637942908e-06,0.5,3.70210829389887e-05,2.6,"Threshold (peaks)",0.0596969272504354,0,NA,0,0.005,"Smooth"
0.00136202218260728,5.95151663418025e-05,0.5,3.70210829389887e-05,2.6,"Threshold (troughs)",2.59999963908279,0,NA,0,0.005,"Smooth"
0.00056642173664245,2.21339807196684e-06,0.5,3.70210829389887e-05,3,"Threshold (peaks)",0.0658297539821534,0,NA,0,0.005,"Smooth"
0.000169088475261765,6.5322868325783e-05,0.5,3.70210829389887e-05,3,"Threshold (troughs)",2.99999988036174,0,NA,0,0.005,"Smooth"
0.000247011065606094,2.40204892747565e-06,0.5,3.70210829389887e-05,3.4,"Threshold (peaks)",0.0715226794309803,0,NA,0,0.005,"Smooth"
2.35265468935788e-05,7.05022245580398e-05,0.5,3.70210829389887e-05,3.4,"Threshold (troughs)",3.39999995750659,0,NA,0,0.005,"Smooth"
0.000115003895594853,2.57789386400769e-06,0.5,3.70210829389887e-05,3.8,"Threshold (peaks)",0.0768411705383304,0,NA,0,0.005,"Smooth"
1.25374689333233e-05,7.5108662992336e-05,0.5,3.70210829389887e-05,3.8,"Threshold (troughs)",3.79999998394396,0,NA,0,0.005,"Smooth"
5.67012459743714e-05,2.7427273719203e-06,0.5,3.70210829389887e-05,4.2,"Threshold (peaks)",0.0818370996065991,0,NA,0,0.005,"Smooth"
1.32415291279423e-05,7.91882148280301e-05,0.5,3.70210829389887e-05,4.2,"Threshold (troughs)",4.19999999358867,0,NA,0,0.005,"Smooth"
2.93143284419669e-05,2.89796776208505e-06,0.5,3.70210829389887e-05,4.6,"Threshold (peaks)",0.0865515192841779,0,NA,0,0.005,"Smooth"
1.10864394219117e-05,8.27824123531522e-05,0.5,3.70210829389887e-05,4.6,"Threshold (troughs)",4.59999999730851,0,NA,0,0.005,"Smooth"
1.60448271474928e-05,3.04475849645076e-06,0.5,3.70210829389887e-05,5,"Threshold (peaks)",0.0910175748186827,0,NA,0,0.005,"Smooth"
1.27916118155445e-05,8.59284432625907e-05,0.5,3.70210829389887e-05,5,"Threshold (troughs)",4.9999999988173,0,NA,0,0.005,"Smooth"
9.17958944045882e-06,3.18403878228972e-06,0.5,3.70210829389887e-05,5.4,"Threshold (peaks)",0.0952625292151871,0,NA,0,0.005,"Smooth"
1.22761053432353e-05,8.86599739970197e-05,0.5,3.70210829389887e-05,5.4,"Threshold (troughs)",5.39999999945801,0,NA,0,0.005,"Smooth"
5.52900795398853e-06,3.31659202234979e-06,0.5,3.70210829389887e-05,5.8,"Threshold (peaks)",0.0993091534935973,0,NA,0,0.005,"Smooth"
1.30038997356396e-05,9.10076367708488e-05,0.5,3.70210829389887e-05,5.8,"Threshold (troughs)",5.7999999997418,0,NA,0,0.005,"Smooth"
3.43966543762869e-06,3.44308022586443e-06,0.5,3.70210829389887e-05,6.2,"Threshold (peaks)",0.103176714899391,0,NA,0,0.005,"Smooth"
1.29574321078037e-05,9.29994146660543e-05,0.5,3.70210829389887e-05,6.2,"Threshold (troughs)",6.19999999987249,0,NA,0,0.005,"Smooth"
2.22957037122053e-06,3.5640689352141e-06,0.5,3.70210829389887e-05,6.6,"Threshold (peaks)",0.106881693322911,0,NA,0,0.005,"Smooth"
1.29629335227795e-05,9.46609373402773e-05,0.5,3.70210829389887e-05,6.6,"Threshold (troughs)",6.59999999993488,0,NA,0,0.005,"Smooth"
1.49999314102211e-06,3.68004572740312e-06,0.5,3.70210829389887e-05,7,"Threshold (peaks)",0.110438313482324,0,NA,0,0.005,"Smooth"
1.34208993687218e-05,9.60157640512962e-05,0.5,3.70210829389887e-05,7,"Threshold (troughs)",6.99999999996569,0,NA,0,0.005,"Smooth"
1.07349600657958e-06,3.79143429045748e-06,0.5,3.70210829389887e-05,7.4,"Threshold (peaks)",0.113858950164268,0,NA,0,0.005,"Smooth"
1.3015037722602e-05,9.70855604442876e-05,0.5,3.70210829389887e-05,7.4,"Threshold (troughs)",7.39999999998138,0,NA,0,0.005,"Smooth"
8.75714037374323e-07,3.89860536346808e-06,0.5,3.70210829389887e-05,7.8,"Threshold (peaks)",0.117154443450084,0,NA,0,0.005,"Smooth"
1.2842603012023e-05,9.78903081509097e-05,0.5,3.70210829389887e-05,7.8,"Threshold (troughs)",7.79999999998962,0,NA,0,0.005,"Smooth"
0.596666009774897,4.6449536433125e-06,0.5,3.70210829389887e-05,0.2,"Threshold (peaks)",0.102666666666667,0,2.8,4,0.005,"Hard"
0.932008812511223,2.63574660101733e-06,0.5,3.70210829389887e-05,0.2,"Threshold (troughs)",0.112,0,3.35999999999999,5,0.005,"Hard"
0.18031961091148,8.89362188679125e-07,0.5,3.70210829389887e-05,0.6,"Threshold (peaks)",0.024,0,0.2,6,0.005,"Hard"
1.16038831625759,7.57407075550194e-06,0.5,3.70210829389887e-05,0.6,"Threshold (troughs)",0.36,0,4.09999999999999,4,0.005,"Hard"
0.156253621183771,7.40929181296625e-07,0.5,3.70210829389887e-05,1,"Threshold (peaks)",0.02,0,0.2,3,0.005,"Hard"
1.28221562706563,1.19793226283428e-05,0.5,3.70210829389887e-05,1,"Threshold (troughs)",0.633333333333333,0,4.39999999999999,3,0.005,"Hard"
0.149133016012008,1.0376789101061e-06,0.5,3.70210829389887e-05,1.4,"Threshold (peaks)",0.028,0,0.2,3,0.005,"Hard"
1.34486368223665,1.55678794840625e-05,0.5,3.70210829389887e-05,1.4,"Threshold (troughs)",0.877333333333333,0,4.69999999999999,4,0.005,"Hard"
0.132109386386793,4.44590915678666e-07,0.5,3.70210829389887e-05,1.8,"Threshold (peaks)",0.012,0,0.2,1,0.005,"Hard"
0.108875054646034,4.58454159298838e-05,0.5,3.70210829389887e-05,1.8,"Threshold (troughs)",1.8,0,NA,0,0.005,"Hard"
0.121810348115615,1.08626255457093e-06,0.5,3.70210829389887e-05,2.2,"Threshold (peaks)",0.0293333333333333,0,0.2,2,0.005,"Hard"
0.0124389156266223,5.30176226343081e-05,0.5,3.70210829389887e-05,2.2,"Threshold (troughs)",2.2,0,NA,0,0.005,"Hard"
0.118911762162549,6.42570888553424e-07,0.5,3.70210829389887e-05,2.6,"Threshold (peaks)",0.0173333333333333,0,0.2,1,0.005,"Hard"
0.0013617222005808,5.9515172206835e-05,0.5,3.70210829389887e-05,2.6,"Threshold (troughs)",2.6,0,NA,0,0.005,"Hard"
0.112489993836706,7.41053028563716e-07,0.5,3.70210829389887e-05,3,"Threshold (peaks)",0.02,0,0.2,1,0.005,"Hard"
0.000169082938080327,6.53228699546033e-05,0.5,3.70210829389887e-05,3,"Threshold (troughs)",3,0,NA,0,0.005,"Hard"
0.106043050216544,8.39397922735328e-07,0.5,3.70210829389887e-05,3.4,"Threshold (peaks)",0.0226666666666667,0,0.2,1,0.005,"Hard"
2.35263769013989e-05,7.05022250773179e-05,0.5,3.70210829389887e-05,3.4,"Threshold (troughs)",3.4,0,NA,0,0.005,"Hard"
0.129328644225305,9.37908516435335e-07,0.5,3.70210829389887e-05,3.8,"Threshold (peaks)",0.0253333333333333,0,0.2,1,0.005,"Hard"
1.25374625985591e-05,7.51086631663311e-05,0.5,3.70210829389887e-05,3.8,"Threshold (troughs)",3.8,0,NA,0,0.005,"Hard"
0.12942263291882,0,0.5,3.70210829389887e-05,4.2,"Threshold (peaks)",0,0,NA,0,0.005,"Hard"
1.32415282789362e-05,7.91882148894227e-05,0.5,3.70210829389887e-05,4.2,"Threshold (troughs)",4.2,0,NA,0,0.005,"Hard"
0.115315062303375,0,0.5,3.70210829389887e-05,4.6,"Threshold (peaks)",0,0,NA,0,0.005,"Hard"
1.10864394940695e-05,8.27824123757886e-05,0.5,3.70210829389887e-05,4.6,"Threshold (troughs)",4.6,0,NA,0,0.005,"Hard"
0.161067437029256,1.23478719038462e-06,0.5,3.70210829389887e-05,5,"Threshold (peaks)",0.0333333333333333,0,0.2,1,0.005,"Hard"
1.27916117786548e-05,8.59284432712641e-05,0.5,3.70210829389887e-05,5,"Threshold (troughs)",5,0,NA,0,0.005,"Hard"
0.141569118828663,0,0.5,3.70210829389887e-05,5.4,"Threshold (peaks)",0,0,NA,0,0.005,"Hard"
1.22761053449269e-05,8.86599740004543e-05,0.5,3.70210829389887e-05,5.4,"Threshold (troughs)",5.4,0,NA,0,0.005,"Hard"
0.201735671751185,1.43214504524878e-06,0.5,3.70210829389887e-05,5.8,"Threshold (peaks)",0.0386666666666667,0,0.2,1,0.005,"Hard"
1.3003899732708e-05,9.10076367722465e-05,0.5,3.70210829389887e-05,5.8,"Threshold (troughs)",5.8,0,NA,0,0.005,"Hard"
0.171524138698154,3.06227515893933e-06,0.5,3.70210829389887e-05,6.2,"Threshold (peaks)",0.0826666666666667,0,0.2,2,0.005,"Hard"
1.2957432106529e-05,9.29994146666353e-05,0.5,3.70210829389887e-05,6.2,"Threshold (troughs)",6.2,0,NA,0,0.005,"Hard"
0.164657944007868,0,0.5,3.70210829389887e-05,6.6,"Threshold (peaks)",0,0,NA,0,0.005,"Hard"
1.29629335249359e-05,9.46609373405222e-05,0.5,3.70210829389887e-05,6.6,"Threshold (troughs)",6.6,0,NA,0,0.005,"Hard"
0.191715651472186,0,0.5,3.70210829389887e-05,7,"Threshold (peaks)",0,0,NA,0,0.005,"Hard"
1.34208993709067e-05,9.60157640513999e-05,0.5,3.70210829389887e-05,7,"Threshold (troughs)",7,0,NA,0,0.005,"Hard"
0.202767842583404,0,0.5,3.70210829389887e-05,7.4,"Threshold (peaks)",0,0,NA,0,0.005,"Hard"
1.30150377234762e-05,9.70855604443311e-05,0.5,3.70210829389887e-05,7.4,"Threshold (troughs)",7.4,0,NA,0,0.005,"Hard"
0.20149489002748,0,0.5,3.70210829389887e-05,7.8,"Threshold (peaks)",0,0,NA,0,0.005,"Hard"
1.28426030136669e-05,9.78903081509274e-05,0.5,3.70210829389887e-05,7.8,"Threshold (troughs)",7.8,0,NA,0,0.005,"Hard"
