"rel_amplitude","mean_yield","threshold_frac","threshold_bp","fish_level","schedule","mean_effort","background_level","effective_window","n_bursts","resource_decrease"
0.757538559011931,6.89366920320268e-06,NA,NA,0.2,"Constant",0.2,NA,NA,NA,0.005
0.730462730397049,1.31817505657052e-05,NA,NA,0.4,"Constant",0.4,NA,NA,NA,0.005
0.695686452170188,1.88505620952533e-05,NA,NA,0.6,"Constant",0.6,NA,NA,NA,0.005
0.649358010579016,2.39604217761997e-05,NA,NA,0.8,"Constant",0.8,NA,NA,NA,0.005
0.586426550450847,2.88253038208962e-05,NA,NA,1,"Constant",1,NA,NA,NA,0.005
0.738133275471517,6.68560282060686e-06,0.05,1.63468270440339e-05,0.2,"Threshold (peaks)",0.187966574377151,0,7.34999999999999,4,0.005
0.803447595010844,2.85366287010323e-07,0.05,1.63468270440339e-05,0.2,"Threshold (troughs)",0.0177269391378365,0,0.499999999999999,6,0.005
0.714020862126947,6.46917066485061e-06,0.15,1.81778376554505e-05,0.2,"Threshold (peaks)",0.176025649731898,0,4.33333333333333,6,0.005
0.829941965518559,5.28815809627139e-07,0.15,1.81778376554505e-05,0.2,"Threshold (troughs)",0.0325434742881319,0,0.866666666666665,6,0.005
0.67069270805833,6.11841057496094e-06,0.25,2.16701480727288e-05,0.2,"Threshold (peaks)",0.156983922565139,0,3.83333333333333,6,0.005
0.861038448376022,8.40043288287168e-07,0.25,2.16701480727288e-05,0.2,"Threshold (troughs)",0.0494263308216891,0,1.52,5,0.005
0.626959390850867,5.62127921600837e-06,0.35,2.71791058548242e-05,0.2,"Threshold (peaks)",0.134715215102247,0,3.36666666666666,6,0.005
0.893517017033938,1.28504982470972e-06,0.35,2.71791058548242e-05,0.2,"Threshold (troughs)",0.0692989594740692,0,2.08,5,0.005
0.595546932825339,4.9702130242427e-06,0.45,3.37974721473825e-05,0.2,"Threshold (peaks)",0.112326805764793,0,2.83333333333333,6,0.005
0.920178958151875,1.91021497634418e-06,0.45,3.37974721473825e-05,0.2,"Threshold (troughs)",0.0910776821685259,0,2.8,5,0.005
0.615685350111031,4.188104537049e-06,0.55,3.97164844932983e-05,0.2,"Threshold (peaks)",0.0899744733122613,0,2.3,6,0.005
0.926013995701842,3.22057756288367e-06,0.55,3.97164844932983e-05,0.2,"Threshold (troughs)",0.127033316350487,0,3.83999999999999,5,0.005
0.641360413823084,3.48731344160906e-06,0.65,4.35911712764265e-05,0.2,"Threshold (peaks)",0.0716996421234035,0,1.83333333333333,6,0.005
0.913115432736003,3.83216360444968e-06,0.65,4.35911712764265e-05,0.2,"Threshold (troughs)",0.141597523753154,0,4.23999999999999,5,0.005
0.675027471298575,2.41810806742732e-06,0.75,4.79822532650051e-05,0.2,"Threshold (peaks)",0.0470075330013438,0,1.2,6,0.005
0.894643532332351,4.44018197436101e-06,0.75,4.79822532650051e-05,0.2,"Threshold (troughs)",0.154395569819649,0,4.63999999999999,5,0.005
0.724200833499743,1.15529820197421e-06,0.85,5.48257820455267e-05,0.2,"Threshold (peaks)",0.0206371566267332,0,0.639999999999999,5,0.005
0.838648474508857,5.44745259469412e-06,0.85,5.48257820455267e-05,0.2,"Threshold (troughs)",0.172772911707706,0,4.29999999999999,6,0.005
0.765895293555361,3.24057053027119e-07,0.95,5.99760473436409e-05,0.2,"Threshold (peaks)",0.0054747292747852,0,0,0,0.005
0.757810953246427,6.88525084542575e-06,0.95,5.99760473436409e-05,0.2,"Threshold (troughs)",0.199831087247275,0,30,1,0.005
0.695075037443426,1.28478463862519e-05,0.05,1.63468270440339e-05,0.4,"Threshold (peaks)",0.382145779642919,0,30,1,0.005
0.839474796896676,6.35560276903809e-07,0.05,1.63468270440339e-05,0.4,"Threshold (troughs)",0.0409041283779535,0,0.679999999999999,5,0.005
0.653515213989279,1.24062835452036e-05,0.15,1.81778376554505e-05,0.4,"Threshold (peaks)",0.36017979602834,0,4.43333333333333,6,0.005
0.88300415631838,1.08588656024436e-06,0.15,1.81778376554505e-05,0.4,"Threshold (troughs)",0.0703647265508506,0,1.08,5,0.005
0.561116032315905,1.18045888689809e-05,0.25,2.16701480727288e-05,0.4,"Threshold (peaks)",0.326318646031928,0,4.03333333333333,6,0.005
0.944151407167655,1.66848841604357e-06,0.25,2.16701480727288e-05,0.4,"Threshold (troughs)",0.104506664881318,0,1.6,5,0.005
0.425972297294136,1.03303581358412e-05,0.35,2.71791058548242e-05,0.4,"Threshold (peaks)",0.274787049183986,0,3.43333333333333,6,0.005
0.998429479522855,2.49824241016844e-06,0.35,2.71791058548242e-05,0.4,"Threshold (troughs)",0.14439225477303,0,2.16,5,0.005
0.0277419567331747,4.46133770226915e-06,0.45,3.37974721473825e-05,0.4,"Threshold (peaks)",0.134302410564662,0,0.799999999999999,1,0.005
1.04945486925412,4.51329998271363e-06,0.45,3.37974721473825e-05,0.4,"Threshold (troughs)",0.203300443245939,0,3.12,5,0.005
0.414811445347326,4.97798839809423e-06,0.55,3.97164844932983e-05,0.4,"Threshold (peaks)",0.118808536400503,0,1.88,5,0.005
1.05195432886567,6.20024546930699e-06,0.55,3.97164844932983e-05,0.4,"Threshold (troughs)",0.256772381914277,0,3.87999999999999,5,0.005
0.525777145237647,4.44120221514091e-06,0.65,4.35911712764265e-05,0.4,"Threshold (peaks)",0.0981069919183003,0,1.3,6,0.005
1.04389241145318,6.92010708426402e-06,0.65,4.35911712764265e-05,0.4,"Threshold (troughs)",0.271413135599126,0,4.07999999999999,5,0.005
0.613458661584337,3.84284115033455e-06,0.75,4.79822532650051e-05,0.4,"Threshold (peaks)",0.0782602622833353,0,0.999999999999999,6,0.005
1.01745189477585,8.00173777979535e-06,0.75,4.79822532650051e-05,0.4,"Threshold (troughs)",0.289551873505477,0,3.63333333333333,6,0.005
0.705442412688541,1.52698225223187e-06,0.85,5.48257820455267e-05,0.4,"Threshold (peaks)",0.0278203712071456,0,0.559999999999999,5,0.005
0.733443181887872,1.31237068815113e-05,0.85,5.48257820455267e-05,0.4,"Threshold (troughs)",0.398643391357218,0,30,1,0.005
0.759855126708192,4.62911903699806e-07,0.95,5.99760473436409e-05,0.4,"Threshold (peaks)",0.00787574986696882,0,0,0,0.005
0.730470356731209,1.31815985241986e-05,0.95,5.99760473436409e-05,0.4,"Threshold (troughs)",0.399996412608167,0,30,1,0.005
0.650630285767532,1.85536407048442e-05,0.05,1.63468270440339e-05,0.6,"Threshold (peaks)",0.579622167631738,0,30,1,0.005
0.881858069535916,1.11627425272924e-06,0.05,1.63468270440339e-05,0.6,"Threshold (troughs)",0.0754908292715108,0,0.799999999999999,5,0.005
0.598701277904593,1.80228836416259e-05,0.15,1.81778376554505e-05,0.6,"Threshold (peaks)",0.555679094663214,0,4.83333333333333,6,0.005
0.949579150189624,1.69269345134433e-06,0.15,1.81778376554505e-05,0.6,"Threshold (troughs)",0.11567288678614,0,1.16,5,0.005
0.478908805841906,1.72379865837933e-05,0.25,2.16701480727288e-05,0.6,"Threshold (peaks)",0.51550536817892,0,4.19999999999999,6,0.005
1.02643053380502,2.51536039676748e-06,0.25,2.16701480727288e-05,0.6,"Threshold (troughs)",0.167130641981812,0,1.72,5,0.005
0.202574005068315,1.55309145327399e-05,0.35,2.71791058548242e-05,0.6,"Threshold (peaks)",0.49088198382599,0,3.51428571428571,7,0.005
1.09518976038626,3.18950570910441e-06,0.35,2.71791058548242e-05,0.6,"Threshold (troughs)",0.192323417876876,0,1.88,5,0.005
9.04685213072051e-06,5.51732537668005e-06,0.45,3.37974721473825e-05,0.6,"Threshold (peaks)",0.167454369921195,0,0,0,0.005
1.15653143874324,6.95006806836251e-06,0.45,3.37974721473825e-05,0.6,"Threshold (troughs)",0.346209042032138,0,3.47999999999999,5,0.005
0.327581974991004,5.08431896114324e-06,0.55,3.97164844932983e-05,0.6,"Threshold (peaks)",0.126962686622085,0,1.3,6,0.005
1.15769901823726,8.12275301712454e-06,0.55,3.97164844932983e-05,0.6,"Threshold (troughs)",0.374639267254416,0,3.75999999999999,5,0.005
0.481814289080288,4.59534725286099e-06,0.65,4.35911712764265e-05,0.6,"Threshold (peaks)",0.10444909212164,0,1.2,5,0.005
1.14600957841955,9.01754698451479e-06,0.65,4.35911712764265e-05,0.6,"Threshold (troughs)",0.399283470862025,0,3.99999999999999,5,0.005
0.59186695895511,4.06618807181695e-06,0.75,4.79822532650051e-05,0.6,"Threshold (peaks)",0.0844241511820862,0,0.799999999999999,6,0.005
1.12119038837819,1.0545779986372e-05,0.75,4.79822532650051e-05,0.6,"Threshold (troughs)",0.441341582274143,0,4.39999999999999,5,0.005
0.70074655442076,1.69769730715633e-06,0.85,5.48257820455267e-05,0.6,"Threshold (peaks)",0.0312283926690403,0,0.2,2,0.005
0.695773482207476,1.88493516865933e-05,0.85,5.48257820455267e-05,0.6,"Threshold (troughs)",0.599975014655797,0,30,1,0.005
0.756025509547703,5.48082991312942e-07,0.95,5.99760473436409e-05,0.6,"Threshold (peaks)",0.00936916496627995,0,0,0,0.005
0.695686734091623,1.88505582778869e-05,0.95,5.99760473436409e-05,0.6,"Threshold (troughs)",0.599999921158151,0,30,1,0.005
0.602482016807726,2.37698006974362e-05,0.05,1.63468270440339e-05,0.8,"Threshold (peaks)",0.780762899185663,0,30,1,0.005
0.938927214440045,1.65015808846286e-06,0.05,1.63468270440339e-05,0.8,"Threshold (troughs)",0.117158920474675,0,0.879999999999999,5,0.005
0.546588170351458,2.33993824203748e-05,0.15,1.81778376554505e-05,0.8,"Threshold (peaks)",0.76013877085381,0,30,1,0.005
1.01129154405305,2.29816618121594e-06,0.15,1.81778376554505e-05,0.8,"Threshold (troughs)",0.16621780746732,0,1.2,5,0.005
0.41460717790584,2.24042480597017e-05,0.25,2.16701480727288e-05,0.8,"Threshold (peaks)",0.719355050058395,0,4.66666666666666,6,0.005
1.10644063727617,2.78108616718285e-06,0.25,2.16701480727288e-05,0.8,"Threshold (troughs)",0.194696721236773,0,1.48,5,0.005
0.0345148300162483,2.22396843316169e-05,0.35,2.71791058548242e-05,0.8,"Threshold (peaks)",0.74947227178547,0,30,1,0.005
1.17260556438196,5.43617795336726e-06,0.35,2.71791058548242e-05,0.8,"Threshold (troughs)",0.340312031738357,0,2.52,5,0.005
6.35601955972798e-07,6.35935128019566e-06,0.45,3.37974721473825e-05,0.8,"Threshold (peaks)",0.194011430708189,0,0,0,0.005
1.23436270392692,8.89466266558792e-06,0.45,3.37974721473825e-05,0.8,"Threshold (troughs)",0.447255439749791,0,3.4,5,0.005
0.299209995564897,5.07979489104321e-06,0.55,3.97164844932983e-05,0.8,"Threshold (peaks)",0.128764790483266,0,0.699999999999999,6,0.005
1.22980229189348,1.06878872686785e-05,0.55,3.97164844932983e-05,0.8,"Threshold (troughs)",0.503124530530629,0,3.75999999999999,5,0.005
0.463325148873006,4.66416264156702e-06,0.65,4.35911712764265e-05,0.8,"Threshold (peaks)",0.107352543161012,0,0.759999999999999,5,0.005
1.21212465947371,1.16614086579613e-05,0.65,4.35911712764265e-05,0.8,"Threshold (troughs)",0.52682081365389,0,3.91999999999999,5,0.005
0.580595613180328,4.13921810351523e-06,0.75,4.79822532650051e-05,0.8,"Threshold (peaks)",0.0867991048995602,0,0.466666666666666,6,0.005
1.17459816359179,1.29352437054034e-05,0.75,4.79822532650051e-05,0.8,"Threshold (troughs)",0.545685742586418,0,4.07999999999999,5,0.005
0.694881657695426,1.79758793180084e-06,0.85,5.48257820455267e-05,0.8,"Threshold (peaks)",0.0332703225435811,0,0,0,0.005
0.649359020054425,2.39604026067561e-05,0.85,5.48257820455267e-05,0.8,"Threshold (troughs)",0.799999475422404,0,30,1,0.005
0.753207402765319,6.10430267061787e-07,0.95,5.99760473436409e-05,0.8,"Threshold (peaks)",0.0104710311960498,0,0,0,0.005
0.649358013784346,2.39604217155022e-05,0.95,5.99760473436409e-05,0.8,"Threshold (troughs)",0.7999999983391,0,30,1,0.005
0.547160057084971,2.85716261863248e-05,0.05,1.63468270440339e-05,1,"Threshold (peaks)",0.985350556929533,0,30,1,0.005
0.995432097219914,2.2059830048009e-06,0.05,1.63468270440339e-05,1,"Threshold (troughs)",0.164832707538426,0,0.999999999999999,5,0.005
0.490344871603359,2.83637603576078e-05,0.15,1.81778376554505e-05,1,"Threshold (peaks)",0.966987135978141,0,30,1,0.005
1.08222858477173,2.86790423686398e-06,0.15,1.81778376554505e-05,1,"Threshold (troughs)",0.220182018289914,0,1.36,5,0.005
0.347745719471017,2.73306155544351e-05,0.25,2.16701480727288e-05,1,"Threshold (peaks)",0.93006208726578,0,30,1,0.005
1.17880153460577,3.85704439541025e-06,0.25,2.16701480727288e-05,1,"Threshold (troughs)",0.289142973002309,0,1.72,5,0.005
0.00014653569181895,2.5821474360805e-05,0.35,2.71791058548242e-05,1,"Threshold (peaks)",0.889108286626098,0,30,1,0.005
1.26573737862716,8.99516173780664e-06,0.35,2.71791058548242e-05,1,"Threshold (troughs)",0.505670369876356,0,3,5,0.005
2.04046676643706e-07,7.03806031070642e-06,0.45,3.37974721473825e-05,1,"Threshold (peaks)",0.215615010158879,0,0,0,0.005
1.28980523141708,1.13170442634732e-05,0.45,3.37974721473825e-05,1,"Threshold (troughs)",0.609221942538606,0,3.67999999999999,5,0.005
0.282074107627418,4.99614505494488e-06,0.55,3.97164844932983e-05,1,"Threshold (peaks)",0.127866036950131,0,0,0,0.005
1.27895285556613,1.25177710404427e-05,0.55,3.97164844932983e-05,1,"Threshold (troughs)",0.650722276357233,0,3.91999999999999,5,0.005
0.451524744295825,4.69530359246314e-06,0.65,4.35911712764265e-05,1,"Threshold (peaks)",0.108921274495417,0,0,0,0.005
1.25105691669235,1.39602518837036e-05,0.65,4.35911712764265e-05,1,"Threshold (troughs)",0.685097123950595,0,4.11999999999999,5,0.005
0.573141596079922,4.17312254263131e-06,0.75,4.79822532650051e-05,1,"Threshold (peaks)",0.0880890278317055,0,0,0,0.005
0.586693568524288,2.88254130109108e-05,0.75,4.79822532650051e-05,1,"Threshold (troughs)",0.999967860783334,0,30,1,0.005
0.692568108606763,1.8712119207588e-06,0.85,5.48257820455267e-05,1,"Threshold (peaks)",0.0347875077633112,0,0,0,0.005
0.586426685005238,2.88253038535048e-05,0.85,5.48257820455267e-05,1,"Threshold (troughs)",0.999999984728363,0,30,1,0.005
0.750824662257312,6.58618100618277e-07,0.95,5.99760473436409e-05,1,"Threshold (peaks)",0.0113285447322011,0,0,0,0.005
0.586426550876928,2.88253038209994e-05,0.95,5.99760473436409e-05,1,"Threshold (troughs)",0.999999999951642,0,30,1,0.005
