"t","total","selected","juvenile","fish_level"
0,0.0123393149976886,0.00509146475862765,0.0072478502390609,0
1,0.367590449579816,0.010075061997891,0.357515387581925,0
2,0.37536316010192,0.00863543762041052,0.366727722481509,0
3,0.337792948382368,0.00765853368627622,0.330134414696092,0
4,0.296258695851842,0.00567729171037622,0.290581404141466,0
5,0.254105980889116,0.00350189097412156,0.250604089914995,0
6,0.20318771713292,0.00223156434197842,0.200956152790942,0
7,0.1402189303786,0.00170741544646773,0.138511514932133,0
8,0.0775445428937655,0.00714403122715354,0.070400511666612,0
9,0.155144689612852,0.0104177151628225,0.14472697445003,0
10,3.08479794860102e-08,6.60263261666162e-10,3.01877162243441e-08,0
10.2,3.95683995791265e-08,8.3244949517526e-10,3.87359500839513e-08,0
10.4,6.25676949408558e-08,2.44878775428967e-09,6.01189071865661e-08,0
10.6,9.14810611372422e-08,1.55782933486386e-08,7.59027677886037e-08,0
10.8,1.41286925668969e-07,4.46859941584338e-08,9.66009315105354e-08,0
11,3.65799435805393e-07,4.48881432597164e-08,3.20911292545677e-07,0
11.2,1.25576466868059e-06,3.51933491021048e-08,1.22057131957848e-06,0
11.4,3.73529851026496e-06,9.18036872770939e-08,3.64349482298787e-06,0
11.6,9.06650361707225e-06,4.74394854819817e-07,8.59210876225244e-06,0
11.8,1.85624015480061e-05,2.62332569090924e-06,1.59390758570969e-05,0
12,3.72551821076583e-05,8.58804337994964e-06,2.86671387277087e-05,0
12.2,0.000101642564879746,1.54341405545013e-05,8.62084243252451e-05,0
12.4,0.0003659399011919,2.23458894289397e-05,0.00034359401176296,0
12.6,0.0012571797335996,6.81328196738405e-05,0.00118904691392576,0
12.8,0.00361366142171142,0.000388882599620753,0.00322477882209066,0
13,0.00900926870908213,0.00174814637655523,0.0072611223325269,0
13.2,0.0230712085612659,0.00493632061828176,0.0181348879429841,0
13.4,0.0658741404711057,0.00951666634900876,0.056357474122097,0
13.6,0.155045286426961,0.0157220318139624,0.139323254612998,0
13.8,0.243193578033448,0.0198887958314398,0.223304782202008,0
14,0.286438756004734,0.0179708104185054,0.268467945586229,0
14.2,0.300134411270566,0.0143528050078513,0.285781606262714,0
14.4,0.301662679089805,0.0114698338016387,0.290192845288167,0
14.6,0.297434892332901,0.00945332575092876,0.287981566581972,0
14.8,0.289812592760318,0.00802554043011031,0.281787052330208,0
15,0.279989783146481,0.00695803642796943,0.273031746718511,0
15.2,0.268713800154537,0.00610767279721452,0.262606127357322,0
15.4,0.256465786205901,0.00539573236613603,0.251070053839765,0
15.6,0.243501038650742,0.00478984814079758,0.238711190509944,0
15.8,0.229852399391807,0.00429371858081824,0.225558680810988,0
16,0.215341163744579,0.00394236047004104,0.211398803274538,0
16.2,0.199635093122199,0.003803281886701,0.195831811235498,0
16.4,0.182382839653498,0.00401327266891732,0.178369566984581,0
16.6,0.163365352402433,0.00492688314435895,0.158438469258074,0
16.8,0.142511094140181,0.00753057927392011,0.134980514866261,0
17,0.119914730873574,0.014277600553438,0.105637130320136,0
17.2,0.0964385759959852,0.0283167270257941,0.0681218489701911,0
17.4,0.0761511217569537,0.0425910872801884,0.0335600344767652,0
17.6,0.0740540401379323,0.0375132742354246,0.0365407659025078,0
17.8,0.120433880603107,0.0222509411479528,0.098182939455154,0
18,0.210779614444444,0.0127910819621588,0.197988532482286,0
18.2,0.281918342332762,0.00875449205886988,0.273163850273892,0
18.4,0.317820959361662,0.00720329448203243,0.31061766487963,0
18.6,0.335416058544763,0.0067614643368662,0.328654594207897,0
18.8,0.343325422117906,0.00670474135393147,0.336620680763975,0
19,0.345075768004748,0.00671851183937829,0.338357256165369,0
19.2,0.342647191680732,0.00669641025742979,0.335950781423302,0
19.4,0.337357274386704,0.00661103839813791,0.330746235988566,0
19.6,0.330132807370152,0.00645940059212147,0.32367340677803,0
19.8,0.321638891981141,0.00624474654362848,0.315394145437513,0
20,0.312358874166294,0.00597206114990496,0.306386813016389,0
20.2,0.302626784158523,0.00564711488295442,0.296979669275568,0
20.4,0.292657408962715,0.00527756302440383,0.287379845938311,0
20.6,0.282566351706597,0.00487328785806691,0.27769306384853,0
20.8,0.272365499944399,0.00444637065411936,0.26791912929028,0
21,0.261994998417282,0.00401150735081581,0.257983491066466,0
21.2,0.251339676944898,0.00358506837445606,0.247754608570442,0
21.4,0.240262841986842,0.00318363885217122,0.23707920313467,0
21.6,0.228621736680874,0.00282201704721359,0.22579971963366,0
21.8,0.216280601924398,0.00251182626343857,0.21376877566096,0
22,0.20312561236949,0.00226157153806289,0.200864040831427,0
22.2,0.189075310924131,0.002078896460831,0.1869964144633,0
22.4,0.174091476333468,0.00197614214897024,0.172115334184497,0
22.6,0.158194977661724,0.00198294648646843,0.156212031175255,0
22.8,0.141488600213259,0.00218029019129476,0.139308310021964,0
23,0.124193857826967,0.00281262338451574,0.121381234442452,0
23.2,0.106696311361772,0.00458976387794808,0.102106547483824,0
23.4,0.0895254547291479,0.00919954095372535,0.0803259137754226,0
23.6,0.0734782487315728,0.0189128213565474,0.0545654273750254,0
23.8,0.0618221475445967,0.0288747242770662,0.0329474232675305,0
24,0.0668440324237797,0.0267040843466877,0.040139948077092,0
24.2,0.109007920351483,0.0170195698796093,0.0919883504718741,0
24.4,0.184364728604269,0.0101763001983747,0.174188428405895,0
24.6,0.253640722481149,0.00720878626380757,0.246431936217341,0
24.8,0.296158503941643,0.00627187723042321,0.289886626711219,0
25,0.31790845709611,0.00612144952556773,0.311787007570542,0
25.2,0.327432350888632,0.00619070542537365,0.321241645463259,0
25.4,0.329528583249121,0.00625253020929616,0.323276053039825,0
25.6,0.326829315331769,0.00623527677626515,0.320594038555504,0
25.8,0.320959410217749,0.00612741143326075,0.314831998784488,0
26,0.313002455494356,0.00593566239144051,0.307066793102916,0
26.2,0.303715188085796,0.00567101213354276,0.298044175952253,0
26.4,0.293631560647646,0.00534502668213741,0.288286533965509,0
26.6,0.283100420028216,0.00496961461384227,0.278130805414374,0
26.8,0.27231000636997,0.00455833785835087,0.267751668511619,0
27,0.2613052593571,0.00412739668257458,0.257177862674525,0
27.2,0.250018672624788,0.00369582745296871,0.24632284517182,0
27.4,0.23830442669139,0.00328445010474787,0.235019976586642,0
27.6,0.225977260059583,0.00291424039565992,0.223063019663923,0
27.8,0.212844486622231,0.00260526811293586,0.210239218509295,0
28,0.198729919043382,0.0023783212985006,0.196351597744881,0
28.2,0.183492407298796,0.00226290242783916,0.181229504870957,0
28.4,0.167044223585657,0.0023215360070626,0.164722687578595,0
28.6,0.14937695237376,0.00271661523536119,0.146660337138399,0
28.8,0.130622031968115,0.00382471143142084,0.126797320536694,0
29,0.111192555228493,0.00659336898961574,0.104599186238877,0
29.2,0.0918943036539688,0.0132978604411502,0.0785964432128186,0
29.4,0.0741964922002668,0.025629370550095,0.0485671216501717,0
29.6,0.0635395444005957,0.0336247155485958,0.0299148288519999,0
29.8,0.0775685008322268,0.0261769803786003,0.0513915204536265,0
30,0.136212321017718,0.015245715088183,0.120966605929535,0
30.2,0.216998201571324,0.00910515953753375,0.20789304203379,0
30.4,0.277144516919995,0.00668162981249239,0.270462887107503,0
30.6,0.310321257196091,0.00599266149935075,0.30432859569674,0
30.8,0.326900118094289,0.00596785710158422,0.320932260992705,0
31,0.333791455850572,0.00610398286859197,0.32768747298198,0
31.2,0.334534430267464,0.00620603504250243,0.328328395224962,0
31.4,0.331206669245,0.00621973089390148,0.324986938351098,0
31.6,0.325170275800331,0.00614048269016605,0.319029793110165,0
31.8,0.31735057665307,0.00597621105580073,0.311374365597269,0
32,0.308377935045782,0.00573676125306793,0.302641173792715,0
32.2,0.298695857825327,0.00543337979952776,0.293262478025799,0
32.4,0.288612088171364,0.00507838939521401,0.28353369877615,0
32.6,0.278297172615561,0.00468480653766783,0.273612366077893,0
32.8,0.267802348657714,0.00426728515760909,0.263535063500105,0
33,0.257075791168211,0.00384243739053004,0.253233353777681,0
33.2,0.245997533619207,0.00342848527568709,0.24256904834352,0
33.4,0.234409174807798,0.00304378104656576,0.231365393761233,0
33.6,0.222142403166134,0.00270516475540259,0.219437238410732,0
33.8,0.209039128956813,0.00242730176785933,0.206611827188954,0
34,0.194966438180448,0.00222455280037596,0.192741885380072,0
34.2,0.179830963732375,0.00211770756261098,0.177713256169764,0
34.4,0.163595882171651,0.00215217161254463,0.161443710559106,0
34.6,0.146304935391607,0.00245161970322542,0.143853315688381,0
34.8,0.128129640011425,0.0033541546911986,0.124775485320226,0
35,0.10945801998997,0.0056692219176227,0.103788798072347,0
35.2,0.0909929833974746,0.011386632833022,0.0796063505644526,0
35.4,0.0739343514304871,0.0226134545706142,0.0513208968598729,0
35.6,0.0626553243695436,0.0318002202876987,0.0308551040818449,0
35.8,0.0724353905495582,0.0266374877818673,0.0457979027676909,0
36,0.124564557288635,0.0160578906852343,0.1085066666034,0
36.2,0.204819854344513,0.00959458600817164,0.195225268336342,0
36.4,0.269158434461901,0.0069523097240549,0.262206124737846,0
36.6,0.305709620560584,0.00616574967901308,0.299543870881571,0
36.8,0.323990603928938,0.00608764557019156,0.317902958358747,0
37,0.331685098320676,0.00618846257767975,0.325496635742997,0
37.2,0.332799361271848,0.0062637765137524,0.326535584758095,0
37.4,0.329607659450619,0.00625508722125352,0.323352572229365,0
37.6,0.323559382547275,0.00615620624054504,0.31740317630673,0
37.8,0.31562593054758,0.0059747075729483,0.309651222974632,0
38,0.306476981784737,0.00572075572034493,0.300756226064392,0
38.2,0.296591616679905,0.00540546870061423,0.291186147979291,0
38.4,0.286291525677428,0.00504028348862148,0.281251242188806,0
38.6,0.275753715062035,0.00463785001228592,0.271115865049749,0
38.8,0.265025066293046,0.004213038402937,0.260812027890109,0
39,0.254047016634669,0.00378336287586965,0.250263653758799,0
39.2,0.242688366588392,0.00336815564861506,0.239320210939777,0
39.4,0.2307802715658,0.00298689350216513,0.227793378063635,0
39.6,0.218145099083205,0.0026575754648112,0.215487523618394,0
39.8,0.204617849539626,0.00239669115949439,0.202221158380132,0
40,0.190062825652338,0.0022228030793759,0.187840022572962,0
40.2,0.174389876973353,0.00216784352713069,0.172222033446223,0
40.4,0.157574199967543,0.00230947171107535,0.155264728256467,0
40.6,0.139686899812229,0.00286163086655193,0.136825268945677,0
40.8,0.120967113870038,0.0043333960038126,0.116633717866225,0
41,0.101958061468978,0.00801763212862411,0.0939404293403536,0
41.2,0.0835733266669542,0.0165407440881906,0.0670325825787637,0
41.4,0.067905979461413,0.0289616411225552,0.0389443383388578,0
41.6,0.0636637690447335,0.0315887412803056,0.0320750277644279,0
41.8,0.0924018565830933,0.0215848392347774,0.0708170173483159,0
42,0.16407728134854,0.0124293716948742,0.151647909653665,0
42.2,0.241143118164779,0.00801309313501869,0.233130025029761,0
42.4,0.290916551549382,0.00642764351083167,0.284488908038551,0
42.6,0.317062059478102,0.00606571330560473,0.310996346172497,0
42.8,0.329459133305556,0.00611589785963997,0.323343235445916,0
43,0.333622786701069,0.00622439474669636,0.327398391954372,0
43.2,0.332484404179316,0.0062694524630889,0.326214951716227,0
43.4,0.32783290123578,0.00622401451701728,0.321608886718763,0
43.6,0.320851923606867,0.00609081156493083,0.314761112041936,0
43.8,0.312344868680587,0.0058790068971596,0.306465861783427,0
44,0.302872445316019,0.0055992078933612,0.297273237422657,0
0,0.0123393149976886,0.00509146475862765,0.0072478502390609,5
1,0.367590449579816,0.010075061997891,0.357515387581925,5
2,0.37536316010192,0.00863543762041052,0.366727722481509,5
3,0.337792948382368,0.00765853368627622,0.330134414696092,5
4,0.296258695851842,0.00567729171037622,0.290581404141466,5
5,0.254105980889116,0.00350189097412156,0.250604089914995,5
6,0.20318771713292,0.00223156434197842,0.200956152790942,5
7,0.1402189303786,0.00170741544646773,0.138511514932133,5
8,0.0775445428937655,0.00714403122715354,0.070400511666612,5
9,0.155144689612852,0.0104177151628225,0.14472697445003,5
10,3.08479794860102e-08,6.60263261666162e-10,3.01877162243441e-08,5
10.2,3.95683995791265e-08,8.3244949517526e-10,3.87359500839513e-08,5
10.4,6.25676949408558e-08,2.44878775428967e-09,6.01189071865661e-08,5
10.6,9.14810611372422e-08,1.55782933486386e-08,7.59027677886037e-08,5
10.8,1.41286925668969e-07,4.46859941584338e-08,9.66009315105354e-08,5
11,3.65799435805393e-07,4.48881432597164e-08,3.20911292545677e-07,5
11.2,1.25576466868059e-06,3.51933491021048e-08,1.22057131957848e-06,5
11.4,3.73529851026496e-06,9.18036872770939e-08,3.64349482298787e-06,5
11.6,9.06650361707225e-06,4.74394854819817e-07,8.59210876225244e-06,5
11.8,1.85624015480061e-05,2.62332569090924e-06,1.59390758570969e-05,5
12,3.72551821076583e-05,8.58804337994964e-06,2.86671387277087e-05,5
12.2,0.000101642564879746,1.54341405545013e-05,8.62084243252451e-05,5
12.4,0.0003659399011919,2.23458894289397e-05,0.00034359401176296,5
12.6,0.0012571797335996,6.81328196738405e-05,0.00118904691392576,5
12.8,0.00361366142171142,0.000388882599620753,0.00322477882209066,5
13,0.00900926870908213,0.00174814637655523,0.0072611223325269,5
13.2,0.0230712085612659,0.00493632061828176,0.0181348879429841,5
13.4,0.0658741404711057,0.00951666634900876,0.056357474122097,5
13.6,0.155045286426961,0.0157220318139624,0.139323254612998,5
13.8,0.243193578033448,0.0198887958314398,0.223304782202008,5
14,0.286438756004734,0.0179708104185054,0.268467945586229,5
14.2,0.300134411270566,0.0143528050078513,0.285781606262714,5
14.4,0.301662679089805,0.0114698338016387,0.290192845288167,5
14.6,0.297434892332901,0.00945332575092876,0.287981566581972,5
14.8,0.289812592760318,0.00802554043011031,0.281787052330208,5
15,0.279989783146481,0.00695803642796943,0.273031746718511,5
15.2,0.268713800154537,0.00610767279721452,0.262606127357322,5
15.4,0.256465786205901,0.00539573236613603,0.251070053839765,5
15.6,0.243501038650742,0.00478984814079758,0.238711190509944,5
15.8,0.229852399391807,0.00429371858081824,0.225558680810988,5
16,0.215341163744579,0.00394236047004104,0.211398803274538,5
16.2,0.199635093122199,0.003803281886701,0.195831811235498,5
16.4,0.182382839653498,0.00401327266891732,0.178369566984581,5
16.6,0.163365352402433,0.00492688314435895,0.158438469258074,5
16.8,0.142511094140181,0.00753057927392011,0.134980514866261,5
17,0.119914730873574,0.014277600553438,0.105637130320136,5
17.2,0.0964385759959852,0.0283167270257941,0.0681218489701911,5
17.4,0.0761511217569537,0.0425910872801884,0.0335600344767652,5
17.6,0.0740540401379323,0.0375132742354246,0.0365407659025078,5
17.8,0.120433880603107,0.0222509411479528,0.098182939455154,5
18,0.210779614444444,0.0127910819621588,0.197988532482286,5
18.2,0.281918342332762,0.00875449205886988,0.273163850273892,5
18.4,0.317820959361662,0.00720329448203243,0.31061766487963,5
18.6,0.335416058544763,0.0067614643368662,0.328654594207897,5
18.8,0.343325422117906,0.00670474135393147,0.336620680763975,5
19,0.345075768004748,0.00671851183937829,0.338357256165369,5
19.2,0.342647191680732,0.00669641025742979,0.335950781423302,5
19.4,0.337357274386704,0.00661103839813791,0.330746235988566,5
19.6,0.330132807370152,0.00645940059212147,0.32367340677803,5
19.8,0.321638891981141,0.00624474654362848,0.315394145437513,5
20,0.312358874166294,0.00597206114990496,0.306386813016389,5
20.2,0.299877714088709,0.00287327311819105,0.297004440970518,5
20.4,0.289690588931401,0.0022112076738877,0.287479381257513,5
20.6,0.279821663577258,0.0019619938108363,0.277859669766422,5
20.8,0.26989047661601,0.0017679417991484,0.268122534816862,5
21,0.25976938944856,0.00158074121786011,0.2581886482307,5
21.2,0.249328052058646,0.00140159637525066,0.247926455683395,5
21.4,0.238421731470397,0.00123764775124473,0.237184083719152,5
21.6,0.226901306079001,0.00109494707427404,0.225806359004727,5
21.8,0.214626403710525,0.000977512542780331,0.213648891167745,5
22,0.201480459939626,0.000887968493624687,0.200592491446002,5
22.2,0.18737996070976,0.000829370852484194,0.186550589857276,5
22.4,0.172282319694739,0.000808769865296722,0.171473549829443,5
22.6,0.156195700246093,0.00084515170711161,0.155350548538982,5
22.8,0.139187752732457,0.000992228598843005,0.138195524133614,5
23,0.121380141064168,0.00141790676005192,0.119962234304116,5
23.2,0.102870013960659,0.00261292337252939,0.10025709058813,5
23.4,0.0833608889303842,0.00576303972904767,0.0775978492013366,5
23.6,0.0619484532553141,0.0120517950306916,0.0498966582246225,5
23.8,0.0428998774240716,0.0156402570361166,0.027259620387955,5
24,0.0496446106407051,0.00921555772651223,0.0404290529141928,5
24.2,0.109388128075812,0.0032008856162491,0.106187242459563,5
24.4,0.198455717962247,0.00176620903541793,0.196689508926829,5
24.6,0.266063583062661,0.00188561046228137,0.264177972600379,5
24.8,0.302704365164829,0.00217142269332087,0.300532942471508,5
25,0.320309421621237,0.00239924284116657,0.317910178780071,5
25.2,0.327331741100052,0.00254902673080546,0.324782714369246,5
25.4,0.327908245055964,0.00262208900113479,0.325286156054829,5
25.6,0.324299517936504,0.00262787287062114,0.321671645065883,5
25.8,0.317933589258736,0.00257807079568101,0.315355518463055,5
26,0.30978690411402,0.00248342076053142,0.307303483353489,5
26.2,0.300541119836228,0.00235291921515355,0.298188200621075,5
26.4,0.290664244566082,0.002194514253801,0.288469730312281,5
26.6,0.280445008414345,0.00201582128722067,0.278429187127124,5
26.8,0.27002140340722,0.00182503690254246,0.268196366504677,5
27,0.259399789136061,0.00163107861335333,0.257768710522708,5
27.2,0.248486897851154,0.00144343530864857,0.247043462542505,5
27.4,0.237123347126609,0.00127138385817737,0.235851963268431,5
27.6,0.225119357025278,0.00112320431101648,0.223996152714262,5
27.8,0.212282972165071,0.00100596356273007,0.211277008602341,5
28,0.198440204107278,0.000926813818028989,0.197513390289249,5
28.2,0.183448670074643,0.000897245196924406,0.182551424877718,5
28.4,0.167207000805678,0.000944616484189327,0.166262384321489,5
28.6,0.149661870053081,0.00114647316426219,0.148515396888819,5
28.8,0.13083878967368,0.00170612237976575,0.129132667293914,5
29,0.110783803899638,0.00314306287164952,0.107640741027989,5
29.2,0.089157401424563,0.00685298841547418,0.0823044130090888,5
29.4,0.0650773330999735,0.0141196804732263,0.0509576526267472,5
29.6,0.0438843827767917,0.0174727894876976,0.0264115932890941,5
29.8,0.053805520968678,0.00926513838282335,0.0445403825858547,5
30,0.123708014513419,0.00301968475673687,0.120688329756682,5
30.2,0.216890400489607,0.00175317617957011,0.215137224310037,5
30.4,0.280122576370861,0.00187038245189821,0.278252193918962,5
30.6,0.312787059384261,0.0021407662372135,0.310646293147048,5
30.8,0.328539792744611,0.00237016833531881,0.326169624409292,5
31,0.33492918040936,0.00253316390929732,0.332396016500063,5
31.2,0.335542827544068,0.00263090851650659,0.332911919027561,5
31.4,0.332373290525759,0.00266956702214254,0.329703723503616,5
31.6,0.326671150378134,0.00265494135120355,0.32401620902693,5
31.8,0.319279712280661,0.00259296448077742,0.316686747799883,5
32,0.310801909886906,0.00249048627497839,0.308311423611927,5
32.2,0.301672549863985,0.00235461246315909,0.299317937400826,5
32.4,0.292179195555904,0.00219260117259769,0.289986594383307,5
32.6,0.282493845404704,0.00201235650317847,0.280481488901526,5
32.8,0.272670321162679,0.0018220694231118,0.270848251739567,5
33,0.262671356966394,0.0016304429486492,0.261040914017745,5
33.2,0.252389209548104,0.00144601544373423,0.25094319410437,5
33.4,0.241678405661062,0.00127651696592309,0.240401888695139,5
33.6,0.230380040766632,0.00112810081923605,0.229251939947396,5
33.8,0.218339368368498,0.00100509305857653,0.217334275309922,5
34,0.205419453029486,0.000910534010104219,0.204508919019382,5
34.2,0.191512425191827,0.000847865891259949,0.190664559300567,5
34.4,0.176548249770072,0.000824477132674189,0.175723772637397,5
34.6,0.160503948430547,0.00085985550577024,0.159644092924776,5
34.8,0.143412965368428,0.00100914728447595,0.142403818083952,5
35,0.125364052056654,0.00144263913670373,0.12392141291995,5
35.2,0.106466099050806,0.00262401271879813,0.103842086332008,5
35.4,0.0864975796869097,0.00574819945648688,0.0807493802304228,5
35.6,0.0644713062836286,0.012243513574666,0.0522277927089626,5
35.8,0.0440636818879008,0.0164186916380811,0.0276449902498197,5
36,0.0489494506090762,0.00982812850102879,0.0391213221080475,5
36.2,0.109009642801806,0.0033608039116768,0.105648838890129,5
36.4,0.200491413036388,0.00180124536841446,0.198690167667973,5
36.6,0.269000463923746,0.00189460939200078,0.267105854531745,5
36.8,0.305569318208595,0.00217067379063467,0.30339864441796,5
37,0.323205703819188,0.00240063000794659,0.320805073811242,5
37.2,0.330450811874817,0.00255950215004757,0.32789130972477,5
37.4,0.331347831495448,0.00264501581105624,0.328702815684392,5
37.6,0.328093003424843,0.00266436692948577,0.325428636495357,5
37.8,0.322074391094109,0.00262757335162813,0.319446817742481,5
38,0.314246096848875,0.00254450231662298,0.311701594532252,5
38.2,0.305285617365429,0.00242383266419001,0.302861784701239,5
38.4,0.295663744272328,0.00227326372412323,0.293390480548205,5
38.6,0.285687716650569,0.00210025101508016,0.283587465635489,5
38.8,0.275514982561614,0.0019124818561366,0.273602500705478,5
39,0.265180495265225,0.00171839857047937,0.263462096694745,5
39.2,0.254616444294693,0.00152693379295125,0.253089510501742,5
39.4,0.2436878555066,0.00134701987252559,0.242340835634075,5
39.6,0.232222934200164,0.00118670061391265,0.231036233586251,5
39.8,0.220041824891239,0.00105253317131029,0.218989291719929,5
40,0.206976631211623,0.000949838578800746,0.206026792632822,5
40.2,0.192885351974891,0.000884527696497677,0.192000824278393,5
40.4,0.177662948824042,0.000867835623107765,0.176795113200934,5
40.6,0.161250175044766,0.000928599209566568,0.160321575835199,5
40.8,0.143638416232757,0.00115085759653556,0.142487558636222,5
41,0.124889571835814,0.00176779290767189,0.123121778928142,5
41.2,0.105064341219303,0.00337449308172241,0.101689848137581,5
41.4,0.0837332130883064,0.00749472223979015,0.0762384908485163,5
41.6,0.0601328237663325,0.0147949931868437,0.0453378305794888,5
41.8,0.0419593029808382,0.0163002373267957,0.0256590656540425,5
42,0.0599791256899881,0.00777372110643978,0.0522054045835483,5
42.2,0.136510390122306,0.00262167944925444,0.133888710673051,5
42.4,0.226978861407408,0.0017638305941653,0.225215030813242,5
42.6,0.285113209286157,0.00195210559616489,0.283161103689992,5
42.8,0.3146345596479,0.0022177525418076,0.312416807106092,5
43,0.328591501000915,0.00243039712724158,0.326161103873673,5
43.2,0.333810649780878,0.00257488260709145,0.331235767173787,5
43.4,0.333571237030546,0.00265318529614571,0.330918051734401,5
43.6,0.329728984101469,0.00267170047839968,0.327057283623069,5
43.8,0.323473971001411,0.00263751598194102,0.32083645501947,5
44,0.315628475045952,0.00255802193776354,0.313070453108189,5
0,0.0123393149976886,0.00509146475862765,0.0072478502390609,10
1,0.367590449579816,0.010075061997891,0.357515387581925,10
2,0.37536316010192,0.00863543762041052,0.366727722481509,10
3,0.337792948382368,0.00765853368627622,0.330134414696092,10
4,0.296258695851842,0.00567729171037622,0.290581404141466,10
5,0.254105980889116,0.00350189097412156,0.250604089914995,10
6,0.20318771713292,0.00223156434197842,0.200956152790942,10
7,0.1402189303786,0.00170741544646773,0.138511514932133,10
8,0.0775445428937655,0.00714403122715354,0.070400511666612,10
9,0.155144689612852,0.0104177151628225,0.14472697445003,10
10,3.08479794860102e-08,6.60263261666162e-10,3.01877162243441e-08,10
10.2,3.95683995791265e-08,8.3244949517526e-10,3.87359500839513e-08,10
10.4,6.25676949408558e-08,2.44878775428967e-09,6.01189071865661e-08,10
10.6,9.14810611372422e-08,1.55782933486386e-08,7.59027677886037e-08,10
10.8,1.41286925668969e-07,4.46859941584338e-08,9.66009315105354e-08,10
11,3.65799435805393e-07,4.48881432597164e-08,3.20911292545677e-07,10
11.2,1.25576466868059e-06,3.51933491021048e-08,1.22057131957848e-06,10
11.4,3.73529851026496e-06,9.18036872770939e-08,3.64349482298787e-06,10
11.6,9.06650361707225e-06,4.74394854819817e-07,8.59210876225244e-06,10
11.8,1.85624015480061e-05,2.62332569090924e-06,1.59390758570969e-05,10
12,3.72551821076583e-05,8.58804337994964e-06,2.86671387277087e-05,10
12.2,0.000101642564879746,1.54341405545013e-05,8.62084243252451e-05,10
12.4,0.0003659399011919,2.23458894289397e-05,0.00034359401176296,10
12.6,0.0012571797335996,6.81328196738405e-05,0.00118904691392576,10
12.8,0.00361366142171142,0.000388882599620753,0.00322477882209066,10
13,0.00900926870908213,0.00174814637655523,0.0072611223325269,10
13.2,0.0230712085612659,0.00493632061828176,0.0181348879429841,10
13.4,0.0658741404711057,0.00951666634900876,0.056357474122097,10
13.6,0.155045286426961,0.0157220318139624,0.139323254612998,10
13.8,0.243193578033448,0.0198887958314398,0.223304782202008,10
14,0.286438756004734,0.0179708104185054,0.268467945586229,10
14.2,0.300134411270566,0.0143528050078513,0.285781606262714,10
14.4,0.301662679089805,0.0114698338016387,0.290192845288167,10
14.6,0.297434892332901,0.00945332575092876,0.287981566581972,10
14.8,0.289812592760318,0.00802554043011031,0.281787052330208,10
15,0.279989783146481,0.00695803642796943,0.273031746718511,10
15.2,0.268713800154537,0.00610767279721452,0.262606127357322,10
15.4,0.256465786205901,0.00539573236613603,0.251070053839765,10
15.6,0.243501038650742,0.00478984814079758,0.238711190509944,10
15.8,0.229852399391807,0.00429371858081824,0.225558680810988,10
16,0.215341163744579,0.00394236047004104,0.211398803274538,10
16.2,0.199635093122199,0.003803281886701,0.195831811235498,10
16.4,0.182382839653498,0.00401327266891732,0.178369566984581,10
16.6,0.163365352402433,0.00492688314435895,0.158438469258074,10
16.8,0.142511094140181,0.00753057927392011,0.134980514866261,10
17,0.119914730873574,0.014277600553438,0.105637130320136,10
17.2,0.0964385759959852,0.0283167270257941,0.0681218489701911,10
17.4,0.0761511217569537,0.0425910872801884,0.0335600344767652,10
17.6,0.0740540401379323,0.0375132742354246,0.0365407659025078,10
17.8,0.120433880603107,0.0222509411479528,0.098182939455154,10
18,0.210779614444444,0.0127910819621588,0.197988532482286,10
18.2,0.281918342332762,0.00875449205886988,0.273163850273892,10
18.4,0.317820959361662,0.00720329448203243,0.31061766487963,10
18.6,0.335416058544763,0.0067614643368662,0.328654594207897,10
18.8,0.343325422117906,0.00670474135393147,0.336620680763975,10
19,0.345075768004748,0.00671851183937829,0.338357256165369,10
19.2,0.342647191680732,0.00669641025742979,0.335950781423302,10
19.4,0.337357274386704,0.00661103839813791,0.330746235988566,10
19.6,0.330132807370152,0.00645940059212147,0.32367340677803,10
19.8,0.321638891981141,0.00624474654362848,0.315394145437513,10
20,0.312358874166294,0.00597206114990496,0.306386813016389,10
20.2,0.298694100567159,0.0016728569876406,0.297021243579518,10
20.4,0.288838360381305,0.00131113036728659,0.287527230014019,10
20.6,0.279112826634095,0.00118920925230968,0.277923617381785,10
20.8,0.269263055173063,0.00107356283278558,0.268189492340277,10
21,0.259206025862184,0.000957913869999572,0.258248111992184,10
21.2,0.248817112651374,0.000847779130081943,0.247969333521292,10
21.4,0.237950412609541,0.000748118065329148,0.237202294544211,10
21.6,0.226455320634619,0.000662477629179532,0.22579284300544,10
21.8,0.214190679142246,0.000593047402768484,0.213597631739477,10
22,0.201039720778429,0.000541278929054651,0.200498441849374,10
22.2,0.186918629745177,0.000509209312057227,0.186409420433119,10
22.4,0.171783135307109,0.000501969215071437,0.171281166092037,10
22.6,0.155635786354077,0.000533516226665423,0.155102270127412,10
22.8,0.1385281107303,0.000643646681422488,0.137884464048877,10
23,0.120533496460147,0.000958617866508215,0.119574878593638,10
23.2,0.101606393940278,0.0018463892439375,0.0997600046963407,10
23.4,0.0810266044993206,0.0042001589145527,0.0768264455847679,10
23.6,0.0570947237903822,0.00870030334995276,0.0483944204404294,10
23.8,0.035275649018949,0.0100744452951741,0.0252012037237748,10
24,0.0435989415062114,0.00435614980288296,0.0392427917033284,10
24.2,0.105687016331151,0.00110311589626254,0.104583900434888,10
24.4,0.192824509870735,0.000889327390872324,0.191935182479862,10
24.6,0.258245731958475,0.00119509286799506,0.25705063909048,10
24.8,0.29335352226427,0.00141640203005324,0.291937120234216,10
25,0.309042387647011,0.00153712630253954,0.307505261344472,10
25.2,0.313788767400729,0.00158680244089058,0.312201964959838,10
25.4,0.312051186044259,0.00158338531387571,0.310467800730383,10
25.6,0.306306713169029,0.00154068464952256,0.304766028519507,10
25.8,0.29808247672925,0.00146883608472062,0.296613640644529,10
26,0.288368447145659,0.00137507014178537,0.286993377003873,10
26.2,0.277800629710476,0.00126535740721197,0.276535272303264,10
26.4,0.266751764765542,0.00114578413987114,0.265605980625671,10
26.6,0.255382584359705,0.00102325239586811,0.254359331963837,10
26.8,0.243676905036654,0.000905549533141555,0.242771355503512,10
27,0.231482377598246,0.000801102477349691,0.230681275120897,10
27.2,0.218558839504003,0.000718907992714215,0.217839931511289,10
27.4,0.204626456899691,0.000669979334488237,0.203956477565202,10
27.6,0.189402493090019,0.000673315049880327,0.188729178040139,10
27.8,0.172641552302302,0.000770811553857277,0.171870740748444,10
28,0.154174156217556,0.00105527633551107,0.153118879882045,10
28.2,0.133712978955158,0.0017893212207955,0.131923657734363,10
28.4,0.1104749663534,0.00371290521147622,0.106762061141924,10
28.6,0.0827494111932951,0.0082317983564309,0.0745176128368642,10
28.8,0.0505842278328752,0.0135575574158461,0.0370266704170291,10
29,0.0346131450465197,0.00891219349649989,0.0257009515500199,10
29.2,0.0780858564333322,0.00206625697306079,0.0760195994602714,10
29.4,0.173944801195222,0.00081619281410399,0.173128608381118,10
29.6,0.254712693271569,0.000987174920156012,0.253725518351413,10
29.8,0.298198473283634,0.00120628625655794,0.296992187027076,10
30,0.319072782166415,0.00138042916985394,0.317692352996561,10
30.2,0.328073107833034,0.00150444493766515,0.326568662895368,10
30.4,0.330097888229308,0.00157938828052805,0.32851849994878,10
30.6,0.327670676148598,0.00161052379511309,0.326060152353484,10
30.8,0.322313325444258,0.00160353533795346,0.320709790106305,10
31,0.315030177224635,0.00156402655555334,0.313466150669082,10
31.2,0.306514371154686,0.0014975041947664,0.305016866959919,10
31.4,0.297244742524264,0.00140941520509798,0.295835327319167,10
31.6,0.287549469216799,0.00130532124292477,0.286244147973875,10
31.8,0.277616863971393,0.00119059672936332,0.27642626724203,10
32,0.26750892272434,0.00107091634849943,0.26643800637584,10
32.2,0.257180897509998,0.000952159452599467,0.256228738057398,10
32.4,0.246511970715672,0.000840146760596866,0.245671823955075,10
32.6,0.235337358025217,0.000740031631460709,0.234597326393756,10
32.8,0.223478208592373,0.000655908040270288,0.222822300552103,10
33,0.210762423278089,0.000590926016633279,0.210171497261456,10
33.2,0.197039584484918,0.000548334017416253,0.196491250467501,10
33.4,0.182191607718484,0.000534082551138599,0.181657525167346,10
33.6,0.166140062514942,0.000563230245397629,0.165576832269544,10
33.8,0.148845784947397,0.000679004295904179,0.148166780651493,10
34,0.130302105620616,0.00100896406126573,0.129293141559351,10
34.2,0.110489223896497,0.0018777518408009,0.108611472055696,10
34.4,0.0887663815562166,0.00418852702348313,0.0845778545327335,10
34.6,0.0632710639087003,0.00900472406237971,0.0542663398463206,10
34.8,0.0378678120387154,0.0113873258747749,0.0264804861639405,10
35,0.0413602657974692,0.00518059618027102,0.0361796696171982,10
35.2,0.104130431176492,0.00121856339922566,0.102911867777266,10
35.4,0.196832631006699,0.000906101120893979,0.195926529885805,10
35.6,0.264514770242974,0.00119418559552264,0.263320584647451,10
35.8,0.299520492713265,0.00140145937580485,0.298119033337461,10
36,0.31524594757676,0.00152669288382874,0.313719254692932,10
36.2,0.320521076276634,0.00159324111289295,0.318927835163741,10
36.4,0.31958427038751,0.00161073597261307,0.317973534414897,10
36.6,0.314715682908882,0.00158811036025479,0.313127572548627,10
36.8,0.307320807743198,0.00153335040361074,0.305787457339587,10
37,0.298339122109215,0.00145326602809615,0.296885856081119,10
37.2,0.288414325748018,0.00135372089589548,0.287060604852122,10
37.4,0.277962225428878,0.00124025904660739,0.27672196638227,10
37.6,0.267206118504289,0.00111877511368884,0.2660873433906,10
37.8,0.256204762126111,0.000995837943226901,0.255208924182884,10
38,0.244883550384038,0.000878454133905854,0.244005096250132,10
38.2,0.233073702985691,0.000773603564885929,0.232300099420805,10
38.4,0.220555398557081,0.000687863642840352,0.21986753491424,10
38.6,0.207095725767837,0.000627920541714693,0.206467805226123,10
38.8,0.192474502878823,0.000603315852753911,0.191871187026069,10
39,0.176497336904114,0.000634880548343495,0.175862456355771,10
39.2,0.159010601165428,0.000777353291038537,0.158233247874389,10
39.4,0.139940634372577,0.00115944159093396,0.138781192781643,10
39.6,0.119070270465724,0.00214307147258608,0.116927198993138,10
39.8,0.09550388606922,0.00470740755695833,0.0907964785122616,10
40,0.0674092814939142,0.0099772179933327,0.0574320635005815,10
40.2,0.0391266795595089,0.0125337061760416,0.0265929733834673,10
40.4,0.0425563521867173,0.00538599197963449,0.0371703602070829,10
40.6,0.111140887087694,0.00120038886987839,0.109940498217815,10
40.8,0.207593807786192,0.000922892330360813,0.206670915455831,10
41,0.273220062802749,0.00117462156359842,0.27204544123915,10
41.2,0.306162996193548,0.00137064299440653,0.304792353199141,10
41.4,0.321229578869358,0.00150561378457518,0.319723965084783,10
41.6,0.326596756399052,0.0015873312404407,0.325009425158611,10
41.8,0.326098840278591,0.00162232129187209,0.324476518986719,10
42,0.321844711016022,0.00161796245506517,0.320226748560956,10
42.2,0.315147621090267,0.00158051503284335,0.313567106057424,10
42.4,0.306870698251059,0.00151533293692903,0.30535536531413,10
42.6,0.297605321317777,0.00142790137263327,0.296177419945144,10
42.8,0.28776637771165,0.00132375351679213,0.286442624194858,10
43,0.27760871811394,0.00120822293131305,0.276400495182626,10
43.2,0.26724353164578,0.0010869665122877,0.266156565133492,10
43.4,0.256654559849164,0.000966029891703502,0.25568852995746,10
43.6,0.24573146895132,0.000851604825493722,0.244879864125826,10
43.8,0.234304176454832,0.000749429656735627,0.233554746798096,10
44,0.22217800995324,0.000664360666287695,0.221513649286952,10
0,0.0123393149976886,0.00509146475862765,0.0072478502390609,20
1,0.367590449579816,0.010075061997891,0.357515387581925,20
2,0.37536316010192,0.00863543762041052,0.366727722481509,20
3,0.337792948382368,0.00765853368627622,0.330134414696092,20
4,0.296258695851842,0.00567729171037622,0.290581404141466,20
5,0.254105980889116,0.00350189097412156,0.250604089914995,20
6,0.20318771713292,0.00223156434197842,0.200956152790942,20
7,0.1402189303786,0.00170741544646773,0.138511514932133,20
8,0.0775445428937655,0.00714403122715354,0.070400511666612,20
9,0.155144689612852,0.0104177151628225,0.14472697445003,20
10,3.08479794860102e-08,6.60263261666162e-10,3.01877162243441e-08,20
10.2,3.95683995791265e-08,8.3244949517526e-10,3.87359500839513e-08,20
10.4,6.25676949408558e-08,2.44878775428967e-09,6.01189071865661e-08,20
10.6,9.14810611372422e-08,1.55782933486386e-08,7.59027677886037e-08,20
10.8,1.41286925668969e-07,4.46859941584338e-08,9.66009315105354e-08,20
11,3.65799435805393e-07,4.48881432597164e-08,3.20911292545677e-07,20
11.2,1.25576466868059e-06,3.51933491021048e-08,1.22057131957848e-06,20
11.4,3.73529851026496e-06,9.18036872770939e-08,3.64349482298787e-06,20
11.6,9.06650361707225e-06,4.74394854819817e-07,8.59210876225244e-06,20
11.8,1.85624015480061e-05,2.62332569090924e-06,1.59390758570969e-05,20
12,3.72551821076583e-05,8.58804337994964e-06,2.86671387277087e-05,20
12.2,0.000101642564879746,1.54341405545013e-05,8.62084243252451e-05,20
12.4,0.0003659399011919,2.23458894289397e-05,0.00034359401176296,20
12.6,0.0012571797335996,6.81328196738405e-05,0.00118904691392576,20
12.8,0.00361366142171142,0.000388882599620753,0.00322477882209066,20
13,0.00900926870908213,0.00174814637655523,0.0072611223325269,20
13.2,0.0230712085612659,0.00493632061828176,0.0181348879429841,20
13.4,0.0658741404711057,0.00951666634900876,0.056357474122097,20
13.6,0.155045286426961,0.0157220318139624,0.139323254612998,20
13.8,0.243193578033448,0.0198887958314398,0.223304782202008,20
14,0.286438756004734,0.0179708104185054,0.268467945586229,20
14.2,0.300134411270566,0.0143528050078513,0.285781606262714,20
14.4,0.301662679089805,0.0114698338016387,0.290192845288167,20
14.6,0.297434892332901,0.00945332575092876,0.287981566581972,20
14.8,0.289812592760318,0.00802554043011031,0.281787052330208,20
15,0.279989783146481,0.00695803642796943,0.273031746718511,20
15.2,0.268713800154537,0.00610767279721452,0.262606127357322,20
15.4,0.256465786205901,0.00539573236613603,0.251070053839765,20
15.6,0.243501038650742,0.00478984814079758,0.238711190509944,20
15.8,0.229852399391807,0.00429371858081824,0.225558680810988,20
16,0.215341163744579,0.00394236047004104,0.211398803274538,20
16.2,0.199635093122199,0.003803281886701,0.195831811235498,20
16.4,0.182382839653498,0.00401327266891732,0.178369566984581,20
16.6,0.163365352402433,0.00492688314435895,0.158438469258074,20
16.8,0.142511094140181,0.00753057927392011,0.134980514866261,20
17,0.119914730873574,0.014277600553438,0.105637130320136,20
17.2,0.0964385759959852,0.0283167270257941,0.0681218489701911,20
17.4,0.0761511217569537,0.0425910872801884,0.0335600344767652,20
17.6,0.0740540401379323,0.0375132742354246,0.0365407659025078,20
17.8,0.120433880603107,0.0222509411479528,0.098182939455154,20
18,0.210779614444444,0.0127910819621588,0.197988532482286,20
18.2,0.281918342332762,0.00875449205886988,0.273163850273892,20
18.4,0.317820959361662,0.00720329448203243,0.31061766487963,20
18.6,0.335416058544763,0.0067614643368662,0.328654594207897,20
18.8,0.343325422117906,0.00670474135393147,0.336620680763975,20
19,0.345075768004748,0.00671851183937829,0.338357256165369,20
19.2,0.342647191680732,0.00669641025742979,0.335950781423302,20
19.4,0.337357274386704,0.00661103839813791,0.330746235988566,20
19.6,0.330132807370152,0.00645940059212147,0.32367340677803,20
19.8,0.321638891981141,0.00624474654362848,0.315394145437513,20
20,0.312358874166294,0.00597206114990496,0.306386813016389,20
20.2,0.297859406086122,0.000817878111618879,0.297041527974504,20
20.4,0.28829186242911,0.000721762342536157,0.287570100086574,20
20.6,0.278634553858854,0.000660279960069729,0.277974273898784,20
20.8,0.268834337238244,0.000595033536203776,0.26823930370204,20
21,0.258820283530925,0.000530016610270094,0.258290266920655,20
21.2,0.248466589062525,0.000468649933428308,0.247997939129097,20
21.4,0.237625827543295,0.000413626064269496,0.237212201479025,20
21.6,0.226146459662487,0.000366798298884416,0.225779661363603,20
21.8,0.213887002993414,0.00032927312725735,0.213557729866157,20
22,0.200730701537369,0.000301827401599323,0.200428874135769,20
22.2,0.186593471333048,0.000285734630688264,0.18630773670236,20
22.4,0.171429403594013,0.000284329777187281,0.171145073816825,20
22.6,0.155235767326601,0.000306697041367876,0.154929070285233,20
22.8,0.13804886239373,0.000378941921669403,0.13766992047206,20
23,0.119895240998892,0.000585054932930412,0.119310186065962,20
23.2,0.100590932705525,0.00116816444025704,0.0994227682652685,20
23.4,0.0789962010862179,0.00271923573712519,0.0762769653490927,20
23.6,0.0527314076271544,0.00551879370320031,0.0472126139239541,20
23.8,0.028964427230355,0.00556862482506728,0.0233958024052877,20
24,0.0385582949747604,0.0016931884402093,0.0368651065345511,20
24.2,0.098186423788779,0.000383056877752508,0.0978033669110265,20
24.4,0.179826673197779,0.000510142967862742,0.179316530229917,20
24.6,0.243158626789977,0.000761289395283534,0.242397337394693,20
24.8,0.277407803585316,0.000893026039564939,0.276514777545751,20
25,0.290950630721504,0.000923986042717911,0.290026644678786,20
25.2,0.292560669983287,0.000905272437494573,0.291655397545792,20
25.4,0.287537875986395,0.000862255528568677,0.286675620457826,20
25.6,0.278813768702163,0.000805181591661719,0.278008587110501,20
25.8,0.268029936428204,0.000739480068147163,0.267290456360057,20
26,0.25610713052506,0.000670209384044817,0.255436921141016,20
26.2,0.243506706893357,0.00060383028911005,0.242902876604247,20
26.4,0.230348678032081,0.000549282820166346,0.229799395211915,20
26.6,0.216490290331722,0.000519213611056157,0.215971076720666,20
26.8,0.201613742551528,0.000532087166063327,0.201081655385465,20
27,0.185246445629827,0.000623440743994114,0.184623004885833,20
27.2,0.166649116867123,0.000891708276368556,0.165757408590754,20
27.4,0.144622100065696,0.00162769739433952,0.142994402671356,20
27.6,0.11692333184518,0.0035822516532356,0.113341080191944,20
27.8,0.0799782389514233,0.00745702340691707,0.0725212155445063,20
28,0.039004959992602,0.00895941379005973,0.0300455462025422,20
28.2,0.0328634135294177,0.00301355798989228,0.0298498555395254,20
28.4,0.0970345812666707,0.00042504375115184,0.0966095375155188,20
28.6,0.195538284909857,0.000437139647660302,0.195101145262197,20
28.8,0.265114424172453,0.000639431900443251,0.26447499227201,20
29,0.299511371808499,0.000773666923652567,0.298737704884847,20
29.2,0.314286427759601,0.000855903012176732,0.313430524747424,20
29.4,0.318610030490198,0.000896671544935126,0.317713358945263,20
29.6,0.316762113158807,0.000904168776931617,0.315857944381875,20
29.8,0.311072650400101,0.000886662081759314,0.310185988318342,20
30,0.302989213065079,0.000850418873225009,0.302138794191854,20
30.2,0.293460907886154,0.000799927610006638,0.292660980276147,20
30.4,0.283107789450902,0.000738872877595488,0.282368916573306,20
30.6,0.272306369890429,0.000670883381140677,0.271635486509288,20
30.8,0.261233723553696,0.000599904483825181,0.260633819069871,20
31,0.249901356071013,0.000530227336498992,0.249371128734514,20
31.2,0.238189885074321,0.000466288458566223,0.237723596615755,20
31.4,0.225893448059063,0.000412414893751939,0.225481033165311,20
31.6,0.212764811675951,0.000372937852413491,0.212391873823537,20
31.8,0.198550840988222,0.000353475706104586,0.198197365282118,20
32,0.183012171883086,0.000365249421051951,0.182646922462034,20
32.2,0.165941865838714,0.000436801135768998,0.165505064702945,20
32.4,0.147208425505104,0.000634809552993766,0.14657361595211,20
32.6,0.126467627326365,0.00114660046260449,0.125321026863761,20
32.8,0.102580072315942,0.00250188412393049,0.100078188192012,20
33,0.073007825821065,0.00555773554001863,0.0674500902810464,20
33.2,0.039002756178301,0.00788532053642332,0.0311174356418777,20
33.4,0.029990818262502,0.00332153063428802,0.0266692876282139,20
33.6,0.0834767399970761,0.000508432552709098,0.082968307444367,20
33.8,0.177754165521915,0.000503001780824674,0.17725116374109,20
34,0.25139453938598,0.000735753351784216,0.250658786034196,20
34.2,0.289040571214095,0.000854936143764543,0.288185635070331,20
34.4,0.304726073475978,0.000904924728064163,0.303821148747914,20
34.6,0.30882807771492,0.000915903573761607,0.307912174141159,20
34.8,0.306361524364233,0.000899158598217734,0.305462365766015,20
35,0.299939392065122,0.000862468612290957,0.299076923452831,20
35.2,0.291117392612088,0.000811459710211738,0.290305932901876,20
35.4,0.280880551317671,0.000750161219933268,0.280130390097738,20
35.6,0.269840587500803,0.000682162916430755,0.269158424584372,20
35.8,0.258331902087616,0.000611438518029708,0.257720463569586,20
36,0.246462568675482,0.000542657468583306,0.245919911206899,20
36.2,0.234154493599794,0.000481214443809679,0.233673279155985,20
36.4,0.221189881605636,0.000433343880242062,0.220756537725394,20
36.6,0.207266097841827,0.000407268124091146,0.206858829717735,20
36.8,0.192053959371444,0.000417396416077822,0.191636562955366,20
37,0.175275011715901,0.000492709452773808,0.174782302263127,20
37.2,0.156630590275574,0.00070322744971124,0.155927362825862,20
37.4,0.135472103791688,0.00125708215465925,0.134215021637029,20
37.6,0.110372565477804,0.00272047650875313,0.107652088969051,20
37.8,0.0785791547751114,0.00600164315548001,0.0725775116196314,20
38,0.0412779157475479,0.0086468294097448,0.0326310863378032,20
38.2,0.0297457852406824,0.003588371048456,0.0261574141922264,20
38.4,0.0859122276343941,0.000511617994677455,0.0854006096397166,20
38.6,0.184386349780522,0.000514142872140497,0.183872206908382,20
38.8,0.258033403394362,0.000726553315331521,0.257306850079031,20
39,0.294613758712385,0.000837103830240381,0.293776654882144,20
39.2,0.310147359914127,0.000894997773267614,0.309252362140859,20
39.4,0.314733855403816,0.000917557763786106,0.31381629764003,20
39.6,0.313000384756144,0.000911941113805129,0.312088443642339,20
39.8,0.30735660157592,0.000884620705033528,0.306471980870887,20
40,0.29925896408088,0.000840993856387163,0.298417970224493,20
40.2,0.289664677836947,0.000785264358280464,0.288879413478667,20
40.4,0.279203457175762,0.000720916909277864,0.278482540266484,20
40.6,0.268253390968407,0.000651417490742744,0.267601973477664,20
40.8,0.256985479697708,0.000580637118363518,0.256404842579345,20
41,0.245395886106428,0.000512881443029417,0.244883004663399,20
41.2,0.233344344084428,0.00045274419953458,0.232891599884893,20
41.4,0.220600918189747,0.000405016886720956,0.220195901303026,20
41.6,0.206893696287939,0.000375355609537966,0.206518340678401,20
41.8,0.191944525581503,0.000373223213795557,0.191571302367707,20
42,0.175499273514864,0.000420299176058172,0.175078974338806,20
42.2,0.157383930077831,0.00056556028906439,0.156818369788767,20
42.4,0.137302772519449,0.000940965194775785,0.136361807324674,20
42.6,0.114366064227803,0.00193357522241671,0.112432489005386,20
42.8,0.0864621133263195,0.00439365007777392,0.0820684632485456,20
43,0.0517219592968197,0.0079188823495313,0.0438030769472884,20
43.2,0.0272315845641876,0.00554654981840673,0.0216850347457809,20
43.4,0.0576249977299489,0.000946543521190776,0.0566784542087581,20
43.6,0.146637069282187,0.000432585134147379,0.146204484148039,20
43.8,0.23342659787837,0.000678172001688384,0.232748425876682,20
44,0.281792382832973,0.000825790915044565,0.280966591917929,20
0,0.0123393149976886,0.00509146475862765,0.0072478502390609,50
1,0.367590449579816,0.010075061997891,0.357515387581925,50
2,0.37536316010192,0.00863543762041052,0.366727722481509,50
3,0.337792948382368,0.00765853368627622,0.330134414696092,50
4,0.296258695851842,0.00567729171037622,0.290581404141466,50
5,0.254105980889116,0.00350189097412156,0.250604089914995,50
6,0.20318771713292,0.00223156434197842,0.200956152790942,50
7,0.1402189303786,0.00170741544646773,0.138511514932133,50
8,0.0775445428937655,0.00714403122715354,0.070400511666612,50
9,0.155144689612852,0.0104177151628225,0.14472697445003,50
10,3.08479794860102e-08,6.60263261666162e-10,3.01877162243441e-08,50
10.2,3.95683995791265e-08,8.3244949517526e-10,3.87359500839513e-08,50
10.4,6.25676949408558e-08,2.44878775428967e-09,6.01189071865661e-08,50
10.6,9.14810611372422e-08,1.55782933486386e-08,7.59027677886037e-08,50
10.8,1.41286925668969e-07,4.46859941584338e-08,9.66009315105354e-08,50
11,3.65799435805393e-07,4.48881432597164e-08,3.20911292545677e-07,50
11.2,1.25576466868059e-06,3.51933491021048e-08,1.22057131957848e-06,50
11.4,3.73529851026496e-06,9.18036872770939e-08,3.64349482298787e-06,50
11.6,9.06650361707225e-06,4.74394854819817e-07,8.59210876225244e-06,50
11.8,1.85624015480061e-05,2.62332569090924e-06,1.59390758570969e-05,50
12,3.72551821076583e-05,8.58804337994964e-06,2.86671387277087e-05,50
12.2,0.000101642564879746,1.54341405545013e-05,8.62084243252451e-05,50
12.4,0.0003659399011919,2.23458894289397e-05,0.00034359401176296,50
12.6,0.0012571797335996,6.81328196738405e-05,0.00118904691392576,50
12.8,0.00361366142171142,0.000388882599620753,0.00322477882209066,50
13,0.00900926870908213,0.00174814637655523,0.0072611223325269,50
13.2,0.0230712085612659,0.00493632061828176,0.0181348879429841,50
13.4,0.0658741404711057,0.00951666634900876,0.056357474122097,50
13.6,0.155045286426961,0.0157220318139624,0.139323254612998,50
13.8,0.243193578033448,0.0198887958314398,0.223304782202008,50
14,0.286438756004734,0.0179708104185054,0.268467945586229,50
14.2,0.300134411270566,0.0143528050078513,0.285781606262714,50
14.4,0.301662679089805,0.0114698338016387,0.290192845288167,50
14.6,0.297434892332901,0.00945332575092876,0.287981566581972,50
14.8,0.289812592760318,0.00802554043011031,0.281787052330208,50
15,0.279989783146481,0.00695803642796943,0.273031746718511,50
15.2,0.268713800154537,0.00610767279721452,0.262606127357322,50
15.4,0.256465786205901,0.00539573236613603,0.251070053839765,50
15.6,0.243501038650742,0.00478984814079758,0.238711190509944,50
15.8,0.229852399391807,0.00429371858081824,0.225558680810988,50
16,0.215341163744579,0.00394236047004104,0.211398803274538,50
16.2,0.199635093122199,0.003803281886701,0.195831811235498,50
16.4,0.182382839653498,0.00401327266891732,0.178369566984581,50
16.6,0.163365352402433,0.00492688314435895,0.158438469258074,50
16.8,0.142511094140181,0.00753057927392011,0.134980514866261,50
17,0.119914730873574,0.014277600553438,0.105637130320136,50
17.2,0.0964385759959852,0.0283167270257941,0.0681218489701911,50
17.4,0.0761511217569537,0.0425910872801884,0.0335600344767652,50
17.6,0.0740540401379323,0.0375132742354246,0.0365407659025078,50
17.8,0.120433880603107,0.0222509411479528,0.098182939455154,50
18,0.210779614444444,0.0127910819621588,0.197988532482286,50
18.2,0.281918342332762,0.00875449205886988,0.273163850273892,50
18.4,0.317820959361662,0.00720329448203243,0.31061766487963,50
18.6,0.335416058544763,0.0067614643368662,0.328654594207897,50
18.8,0.343325422117906,0.00670474135393147,0.336620680763975,50
19,0.345075768004748,0.00671851183937829,0.338357256165369,50
19.2,0.342647191680732,0.00669641025742979,0.335950781423302,50
19.4,0.337357274386704,0.00661103839813791,0.330746235988566,50
19.6,0.330132807370152,0.00645940059212147,0.32367340677803,50
19.8,0.321638891981141,0.00624474654362848,0.315394145437513,50
20,0.312358874166294,0.00597206114990496,0.306386813016389,50
20.2,0.297394146109025,0.000329979123654601,0.29706416698537,50
20.4,0.287913727911702,0.000307565499485099,0.287606162412217,50
20.6,0.278294718615985,0.00028088847162354,0.278013830144362,50
20.8,0.268529546577646,0.000252747584051891,0.268276798993594,50
21,0.258546014624826,0.000224911049887939,0.258321103574938,50
21.2,0.248216980456912,0.00019881716446723,0.248018163292444,50
21.4,0.237393997386717,0.000175578622262907,0.237218418764454,50
21.6,0.22592498758987,0.00015594417833924,0.225769043411531,50
21.8,0.213668359082988,0.000140354235948064,0.21352800484704,50
22,0.200507408827433,0.000129142776818852,0.200378266050614,50
22.2,0.186357745820627,0.000122920980227511,0.1862348248404,50
22.4,0.171171866586104,0.000123312110456878,0.171048554475647,50
22.6,0.154942099848612,0.000134736143087768,0.154807363705525,50
22.8,0.137690379777968,0.00017000601585189,0.137520373762116,50
23,0.119397942103208,0.000270883427851687,0.119127058675356,50
23.2,0.09974836857885,0.000557028578311089,0.0991913400005389,50
23.4,0.0771935935108675,0.00131786391484742,0.0758757295960201,50
23.6,0.0488459643160402,0.00259207332703934,0.0462538909890009,50
23.8,0.0240025606815239,0.00223471205237587,0.0217678486291481,50
24,0.0340911767069972,0.000489544387407266,0.0336016323195899,50
24.2,0.0879909413807621,0.000132923309862535,0.0878580180708996,50
24.4,0.162098504045224,0.000246926710674927,0.161851577334549,50
24.6,0.222696992749455,0.000397074620384976,0.22229991812907,50
24.8,0.256006126379849,0.000462083484529074,0.25554404289532,50
25,0.267290104560186,0.000456170919356226,0.26683393364083,50
25.2,0.26555524328562,0.000426439138146814,0.265128804147473,50
25.4,0.256997468315701,0.000392889373348368,0.256604578942353,50
25.6,0.244980367688602,0.000362690154488614,0.244617677534113,50
25.8,0.231185297346751,0.000342385631557443,0.230842911715193,50
26,0.216299829312468,0.000342067985590186,0.215957761326877,50
26.2,0.200255862653428,0.000380658962567188,0.199875203690861,50
26.4,0.1822091494103,0.00050727484585145,0.181701874564449,50
26.6,0.160264127514189,0.000868153340657694,0.159395974173531,50
26.8,0.13073342223191,0.00181357875012966,0.12891984348178,50
27,0.0888833257692589,0.00363106599751173,0.0852522597717471,50
27.2,0.03989939460066,0.00441298920867058,0.0354864053919894,50
27.4,0.0247738615807031,0.00130095237510942,0.0234729092055936,50
27.6,0.0784541067212675,0.000153639570149993,0.0783004671511175,50
27.8,0.174434241269592,0.000265987399823346,0.174168253869769,50
28,0.249157053536024,0.000417025473556018,0.248740028062468,50
28.2,0.284940314690403,0.00045702632484404,0.284483288365558,50
28.4,0.297333722395912,0.000450599867314703,0.296883122528597,50
28.6,0.29801725408007,0.000429759562980244,0.29758749451709,50
28.8,0.292579868312168,0.000402475805629892,0.292177392506538,50
29,0.2837812884628,0.000371299156935005,0.283409989305865,50
29.2,0.273106533075756,0.000337685595467306,0.272768847480288,50
29.4,0.261389622288875,0.000303219892374533,0.2610864023965,50
29.6,0.249062751383283,0.000270031399606601,0.248792719983677,50
29.8,0.236258042143754,0.000241026354280706,0.236017015789474,50
30,0.222865820046863,0.000220237453384518,0.222645582593478,50
30.2,0.20860759104888,0.000213650533626685,0.208393940515253,50
30.4,0.193128140997618,0.000231043885700466,0.192897097111917,50
30.6,0.175927902739135,0.000294790191095802,0.175633112548039,50
30.8,0.156144380665187,0.000471302582130898,0.155673078083056,50
31,0.132216257628959,0.000954626496740401,0.131261631132219,50
31.2,0.100959554803057,0.00219248774246065,0.0987670670605959,50
31.4,0.0585903728030097,0.00415087934785435,0.0544394934551553,50
31.6,0.0227735017350944,0.00283119342998572,0.0199423083051087,50
31.8,0.0452359627230178,0.000305214559202632,0.0449307481638152,50
32,0.129872171070423,0.000195135004545063,0.129677036065878,50
32.2,0.219953617319915,0.000355854012828991,0.219597763307086,50
32.4,0.271127312314604,0.000428832937072438,0.270698479377532,50
32.6,0.291888715894411,0.000437666115547705,0.291451049778864,50
32.8,0.29692672066717,0.000425071173387029,0.296501649493783,50
33,0.293859243250881,0.000403182036766621,0.293456061214114,50
33.2,0.286357914624078,0.000375919854785448,0.285981994769292,50
33.4,0.276367751082698,0.000345182748037509,0.27602256833466,50
33.6,0.264987113091698,0.000312566092507924,0.26467454699919,50
33.8,0.252820997636249,0.000280085018976482,0.252540912617272,50
34,0.240127656462334,0.000250522149703863,0.23987713431263,50
34.2,0.226890064773776,0.000227757413365482,0.22666230736041,50
34.4,0.212884143793842,0.000217416095401337,0.212666727698441,50
34.6,0.197771166134815,0.000228202071138203,0.197542964063677,50
34.8,0.181079094570573,0.000278176751477878,0.180800917819095,50
35,0.162015281823301,0.000419622013358363,0.161595659809943,50
35.2,0.139198183929989,0.000807792062050177,0.138390391867939,50
35.4,0.109855261501011,0.00183655325430979,0.108018708246701,50
35.6,0.0695969555146015,0.00380959273156939,0.0657873627830321,50
35.8,0.0274964764436823,0.00365369868943366,0.0238427777542486,50
36,0.0338732644478594,0.000552063467112784,0.0333212009807466,50
36.2,0.108860655924875,0.000173016921620418,0.108687639003255,50
36.4,0.205294790326769,0.000341538245171607,0.204953252081598,50
36.6,0.265029416571017,0.00043147692280091,0.264597939648216,50
36.8,0.290248953022519,0.00044436792786511,0.289804585094654,50
37,0.297535137065572,0.000433245116636668,0.297101891948935,50
37.2,0.295754188871414,0.000412114141200938,0.295342074730213,50
37.4,0.289035675164083,0.000385224625290648,0.288650450538793,50
37.6,0.279528929633195,0.00035463372024199,0.279174295912953,50
37.8,0.268449939784765,0.000321866549978207,0.268128073234786,50
38,0.256486643013505,0.000288724355527489,0.256197918657978,50
38.2,0.243967062701039,0.000257668483700995,0.243709394217338,50
38.4,0.230936041962791,0.000232094486445493,0.230703947476345,50
38.6,0.217215119234477,0.000216840739494208,0.216998278494983,50
38.8,0.20249112258296,0.00021925345083597,0.202271869132124,50
39,0.186364005467925,0.000252648519630937,0.186111356948294,50
39.2,0.168189814012057,0.000352783884914161,0.167837030127143,50
39.4,0.146857354970243,0.000626959469193779,0.14623039550105,50
39.6,0.120229940106533,0.00137146828522973,0.118858471821303,50
39.8,0.084208453411693,0.00307050105938909,0.0811379523523039,50
40,0.0393183612687834,0.00431985067762305,0.0349985105911604,50
40.2,0.0235645837069787,0.00129934005330201,0.0222652436536767,50
40.4,0.0771766046357533,0.000159087063226647,0.0770175175725267,50
40.6,0.175334884355114,0.000290686461156148,0.175044197893958,50
40.8,0.249865709570145,0.000421034565498265,0.249444675004647,50
41,0.284351704936521,0.000448572181673354,0.283903132754848,50
41.2,0.296064004541065,0.000441084960399947,0.295622919580665,50
41.4,0.296548821177465,0.000421578619232088,0.296127242558233,50
41.6,0.291070469240075,0.000395558775423474,0.290674910464652,50
41.8,0.282249044098478,0.000365460251560352,0.281883583846918,50
42,0.271536978199474,0.000332846521548975,0.271204131677925,50
42.2,0.259764395143968,0.000299383705889721,0.259465011438079,50
42.4,0.24736076172943,0.000267331964782675,0.247093429764647,50
42.6,0.234450970326076,0.000239833007178732,0.234211137318898,50
42.8,0.220915557840715,0.000221332726277521,0.220694225114437,50
43,0.206470813710658,0.000218462016784972,0.206252351693873,50
43.2,0.190742845900233,0.000242375866983891,0.19050047003325,50
43.4,0.173156752534178,0.000320753160862752,0.172835999373315,50
43.6,0.152728677742648,0.000536543868285116,0.152192133874363,50
43.8,0.127642180878789,0.00112752425184781,0.126514656626941,50
44,0.0942362157253927,0.00258217196277165,0.091654043762621,50
