"t","fish_level","selected","total"
20.2,0,0.00977583398912717,0.298241176101767
20.4,0,0.0135955532246148,0.280039220625088
20.6,0,0.0210328300984524,0.263009407360173
20.8,0,0.0336392991115882,0.249535309140157
21,0,0.0481418544661556,0.244705231158271
21.2,0,0.0546773368394527,0.256003949620801
21.4,0,0.0495522534035924,0.286387505024813
21.6,0,0.0392803987954181,0.326959130637389
21.8,0,0.0298490423598854,0.365941526380249
22,0,0.0230831064158756,0.398552389556379
22.2,0,0.0186346323414612,0.424314934527141
22.4,0,0.0157546258926157,0.443791696170838
22.6,0,0.0138519731788546,0.457719580463123
22.8,0,0.0125420074631417,0.466822379889181
23,0,0.0115900533954907,0.471762481892896
23.2,0,0.0108560630830906,0.473129634527955
23.4,0,0.0102567799196941,0.471440960231155
23.6,0,0.00974260054121809,0.46714571641492
23.8,0,0.00928413994265464,0.460632301862928
24,0,0.00886470317205881,0.452235648198529
24.2,0,0.00847625657246855,0.442243761153901
24.4,0,0.00811749094285821,0.430902819347443
24.6,0,0.00779322470369377,0.418421007834906
24.8,0,0.00751481563274987,0.404971356475285
25,0,0.00730170272355578,0.3906947850577
25.2,0,0.00718475298943844,0.375704126999507
25.4,0,0.00721325016165125,0.360091129778352
25.6,0,0.00746968540074048,0.343938757574408
25.8,0,0.0081015469985108,0.327343710394204
26,0,0.00938919423430867,0.310459621740495
26.2,0,0.0118796624206043,0.293585000538704
26.4,0,0.0165716075861997,0.277352057087929
26.6,0,0.0247789986675034,0.26313254253496
26.8,0,0.0364122524167342,0.253779141738474
27,0,0.0468129432226758,0.254221076354901
27.2,0,0.049354898592747,0.269546213233939
27.4,0,0.0438407182483049,0.299050169186352
27.6,0,0.0353006921042796,0.334421780552056
27.8,0,0.0276139681389658,0.367613635622239
28,0,0.0219428892696187,0.395370105415092
28.2,0,0.0180549221208984,0.417182352358513
28.4,0,0.0154287327779306,0.433397625262643
28.6,0,0.0136269653683578,0.444580110889536
28.8,0,0.0123478410331553,0.451326090420808
29,0,0.0113974694733204,0.454205619112239
29.2,0,0.0106551271295952,0.453742008332868
29.4,0,0.0100468692642109,0.450405411578659
29.6,0,0.00952815427025976,0.444613071042027
29.8,0,0.00907322968285651,0.436732558592562
30,0,0.00866907390638484,0.427085798719241
30.2,0,0.00831233065775804,0.415952713426861
30.4,0,0.00800832528352663,0.403574173260613
30.6,0,0.00777183421732888,0.390154687920345
30.8,0,0.00762994797585943,0.375865799203088
31,0,0.00762841405381005,0.360851931422316
31.2,0,0.00784490002411489,0.345241410863892
31.4,0,0.00841680208835037,0.329167421168672
31.6,0,0.00959901878338067,0.312808472329081
31.8,0,0.0118744980122461,0.296469053464239
32,0,0.0161033070684177,0.280746459054969
32.2,0,0.0234246376767963,0.26687495832883
32.4,0,0.0339428172223112,0.257337959549902
32.6,0,0.0440560451795242,0.256396914978062
32.8,0,0.0477580999579569,0.268747201233851
33,0,0.043746235765291,0.294720662329091
33.2,0,0.0360514661077474,0.327685184541
33.4,0,0.0285602464547038,0.359845653557027
33.6,0,0.0227822307557567,0.38733108426362
33.8,0,0.0187127626330475,0.409202269551786
34,0,0.015917692418821,0.42561261874429
34.2,0,0.0139821724289612,0.437037368163488
34.4,0,0.0126042878627258,0.444027165214065
34.6,0,0.0115837194279511,0.447127299143714
34.8,0,0.0107928355680373,0.44684830328908
35,0,0.0101521161672295,0.443655228517937
35.2,0,0.00961309763839407,0.437965317450421
35.4,0,0.00914759590001371,0.430149521452674
35.6,0,0.00874141585820261,0.420535324138387
35.8,0,0.0083911599762643,0.409409562225994
36,0,0.00810332241930236,0.397020927248156
36.2,0,0.00789545833072488,0.383582513865554
36.4,0,0.00780001579858732,0.369275694321252
36.6,0,0.00787274044265106,0.354257257379002
36.8,0,0.0082102038114918,0.338673361882958
37,0,0.00898616201546654,0.322686548527938
37.2,0,0.0105243966009622,0.306528596486053
37.4,0,0.0134232515594302,0.290606802699469
37.6,0,0.01865197683048,0.27572205957514
37.8,0,0.0271197105801836,0.26349478682189
38,0,0.0377557127888153,0.256989569709825
38.2,0,0.0456803180373101,0.260758566783831
38.4,0,0.0462252123277047,0.278235005597248
38.6,0,0.0405235787228701,0.307018618652855
38.8,0,0.0328546040350285,0.339513484354072
39,0,0.0261142446002367,0.36945995893761
39.2,0,0.0210975561135559,0.394350531538083
39.4,0,0.0175871462974488,0.41374647599789
39.6,0,0.015158944929938,0.427928561497669
39.8,0,0.0134537892022385,0.437388864485847
40,0,0.0122184827027379,0.442663560697858
40.2,0,0.0112865621577196,0.44427467849425
40.4,0,0.010552173913621,0.442707907850527
40.6,0,0.00994950239677561,0.438404773598884
40.8,0,0.00943888309515425,0.431761447912539
41,0,0.00899821368292976,0.423130415322661
41.2,0,0.00861814760327612,0.412822936348377
41.4,0,0.00830000705490234,0.401111435456142
41.6,0,0.00805591922124745,0.388231796933662
41.8,0,0.00791138046470987,0.374386426570376
42,0,0.00791150352218834,0.359749682746745
42.2,0,0.00813420653996377,0.344478577737226
42.4,0,0.00871752534324663,0.328733674897649
42.6,0,0.00991507606367042,0.312719888547267
42.8,0,0.012198189796045,0.296767449803401
43,0,0.0163810582895847,0.281496413904174
43.2,0,0.0234864774935854,0.268145755518578
43.4,0,0.0334949111515529,0.259130814804893
43.6,0,0.0430091067055069,0.258462497567989
43.8,0,0.0465635547456333,0.270414760036116
44,0,0.0429132935424192,0.295208639013485
20.2,5,0.00467357719145689,0.163467145960384
20.4,5,0.0103353695298403,0.117719109944128
20.6,5,0.0171485663035169,0.113323068220878
20.8,5,0.0139447634050488,0.160153680842302
21,5,0.00874004152078776,0.253003059278669
21.2,5,0.00466397303642938,0.332419858716694
21.4,5,0.0024550810677885,0.386486721568627
21.6,5,0.00139408995830938,0.425905605961559
21.8,5,0.000900100351069452,0.4549280060195
22,5,0.000674573327699814,0.475929291607793
22.2,5,0.000565909107472913,0.490696991270885
22.4,5,0.000504727362825481,0.500537903325293
22.6,5,0.000463082660489431,0.506385926544274
22.8,5,0.000430067502690634,0.508927215499556
23,5,0.00040105516987316,0.508692930419278
23.2,5,0.000373851848904349,0.506106305514841
23.4,5,0.000347376131498766,0.501502262920098
23.6,5,0.000321152131419245,0.495139691801983
23.8,5,0.000295078488655057,0.487210893587879
24,5,0.000269308331298385,0.477850744031122
24.2,5,0.000244169597518492,0.46713883861241
24.4,5,0.00022010729480672,0.455101309948726
24.6,5,0.000197626801711838,0.441703549665273
24.8,5,0.000177254871640157,0.426835159260917
25,5,0.000159536246222889,0.410272562361353
25.2,5,0.000145103655588156,0.391591964519687
25.4,5,0.00013492183164406,0.369965206252592
25.6,5,0.000130988869124642,0.34365474219252
25.8,5,0.000138791520874873,0.308772382378686
26,5,0.000179885771238605,0.256930433481873
26.2,5,0.000419454988376894,0.178544905982372
26.4,5,0.00433605141632527,0.098566959461783
26.6,5,0.0254185363689538,0.0511744691333067
26.8,5,0.0117328114655478,0.0729929183539764
27,5,0.00319496242152037,0.23908583432642
27.2,5,0.00166925757838951,0.380287129573422
27.4,5,0.00128835776631848,0.455839785246024
27.6,5,0.00108316355367506,0.504529732035176
27.8,5,0.000972821464209126,0.538048560172482
28,5,0.000920358997751483,0.561812336305232
28.2,5,0.000892578227215065,0.579015317041345
28.4,5,0.000874173919917283,0.591677343592782
28.6,5,0.000859295454507636,0.601118423186087
28.8,5,0.00084542023342862,0.608222073095952
29,5,0.000831235932107994,0.613590947045021
29.2,5,0.000815996297304712,0.617641683485309
29.4,5,0.000799278296843068,0.620662578606545
29.6,5,0.00078085367545414,0.622850427094778
29.8,5,0.000760609562097844,0.62433495103077
30,5,0.00073850216935714,0.625185439418098
30.2,5,0.000714532062526488,0.625437822590856
30.4,5,0.000688738610216844,0.625070287385065
30.6,5,0.000661207550539101,0.624059258052003
30.8,5,0.000632080886781514,0.62234136374393
31,5,0.00060157789135504,0.619874923621529
31.2,5,0.000569998860283999,0.616633127291206
31.4,5,0.000537717151714495,0.612584538399079
31.6,5,0.000505170023094821,0.607750824311747
31.8,5,0.000472805406977274,0.602108935039542
32,5,0.000441050654690846,0.595684535185141
32.2,5,0.000410275678864286,0.588466805054811
32.4,5,0.00038074710471002,0.580462616032566
32.6,5,0.000352648294817827,0.571674075725517
32.8,5,0.000326060679756886,0.562097152127541
33,5,0.000300997214462382,0.551738632766835
33.2,5,0.000277430903772944,0.540593259537039
33.4,5,0.000255298562792955,0.528663579334459
33.6,5,0.000234551657230336,0.515941734587205
33.8,5,0.000215136965466186,0.502415754143785
34,5,0.00019704101607571,0.488062989824288
34.2,5,0.000180271256472704,0.472838253787328
34.4,5,0.000164891778400729,0.456671003892754
34.6,5,0.000151023587605358,0.439433934404007
34.8,5,0.00013889818678399,0.420910849251036
35,5,0.000128928260838151,0.400707988653083
35.2,5,0.000121909794590384,0.378071813161766
35.4,5,0.000119557976005799,0.351444038506201
35.6,5,0.000126347276984437,0.317367946708167
35.8,5,0.000158389606785619,0.268220741603517
36,5,0.000322608260712297,0.193128134286927
36.2,5,0.00266987171127051,0.109020699052124
36.4,5,0.0234203257916169,0.0561054043373441
36.6,5,0.0144211356075331,0.0592763192633754
36.8,5,0.00370616641050082,0.207850208184626
37,5,0.00172035307373915,0.363913922362962
37.2,5,0.00130680193331217,0.446389236573847
37.4,5,0.00109990997382961,0.498376466600301
37.6,5,0.000983327880260096,0.533900529209948
37.8,5,0.000927107668438346,0.558971467045546
38,5,0.000897893677169689,0.577058201034935
38.2,5,0.000878998677906521,0.590334838363956
38.4,5,0.000864020167996996,0.600214486402585
38.6,5,0.000850253059750487,0.607639003268763
38.8,5,0.00083630290741512,0.613248950407146
39,5,0.000821372681643274,0.617486187743361
39.2,5,0.000805005709402513,0.620657670592343
39.4,5,0.00078695226510918,0.622972392365538
39.6,5,0.000767086204713439,0.624572687143051
39.8,5,0.000745354771126806,0.625535556201721
40,5,0.000721751620134087,0.625905593675988
40.2,5,0.000696307607313724,0.625670822724881
40.4,5,0.000669098134905333,0.624805237306729
40.6,5,0.000640252228519438,0.623257928809444
40.8,5,0.000609971800487853,0.620969696943207
41,5,0.000578542732282166,0.617921868403848
41.2,5,0.000546324279356312,0.614069988649812
41.4,5,0.000513744580820293,0.609432654714469
41.6,5,0.000481255664316708,0.603993727307596
41.8,5,0.000449290184687369,0.597763814156084
42,5,0.0004182361281522,0.590749731193313
42.2,5,0.000388381345778064,0.582941497793875
42.4,5,0.000359924652635746,0.574355884923131
42.6,5,0.000332970673593116,0.564977389002192
42.8,5,0.000307538860118453,0.554822105712125
43,5,0.000283613089499567,0.543877436091008
43.2,5,0.000261131374576842,0.532153957100305
43.4,5,0.00024004220973826,0.519638044618379
43.6,5,0.000220291029738513,0.506327280193268
43.8,5,0.000201853320911876,0.492196144625433
44,5,0.000184730979141605,0.477211003532309
20.2,9,0.00260628461389766,0.114727970138104
20.4,9,0.00526236058848724,0.0803117865014304
20.6,9,0.00585329358716515,0.0888812257254451
20.8,9,0.00403052673332427,0.145036394351604
21,9,0.00233482307188223,0.22342952022982
21.2,9,0.0011242572346272,0.287578909280236
21.4,9,0.00046418763474767,0.332004524050926
21.6,9,0.000197459198664889,0.362788881152171
21.8,9,9.95247989189029e-05,0.383385361988249
22,9,6.1930761649328e-05,0.395867588890713
22.2,9,4.5052923262218e-05,0.401814588424375
22.4,9,3.57447621261282e-05,0.402424730149984
22.6,9,2.96274116388149e-05,0.39856966078575
22.8,9,2.51241712528157e-05,0.390819035436791
23,9,2.16347204580655e-05,0.37941841222657
23.2,9,1.89769997851638e-05,0.364174653184773
23.4,9,1.72401083060013e-05,0.344123910954074
23.6,9,1.69125369262598e-05,0.316621484316997
23.8,9,1.98910513535727e-05,0.27484856924366
24,9,3.88820704621264e-05,0.202984474810813
24.2,9,0.000409740915094032,0.0955022300093775
24.4,9,0.0087254911530375,0.0278849462526852
24.6,9,0.00382966598419231,0.0202548161090488
24.8,9,0.000438766903065771,0.112864701433329
25,9,0.000245401892347335,0.276984601302028
25.2,9,0.00022532365593561,0.36991402428643
25.4,9,0.000156639385672178,0.42023931507337
25.6,9,0.000108820315897388,0.452940332501317
25.8,9,8.50732511271832e-05,0.475171202086201
26,9,7.3251173094875e-05,0.490338532220574
26.2,9,6.61478005301841e-05,0.50040078813797
26.4,9,6.08916067195641e-05,0.506547484419985
26.6,9,5.63673642700252e-05,0.509549298130497
26.8,9,5.21062937472417e-05,0.509951760637661
27,9,4.79109576223355e-05,0.508164687135758
27.2,9,4.3716799354926e-05,0.504497827439702
27.4,9,3.95312980424678e-05,0.499179410932493
27.6,9,3.54031263915223e-05,0.49237089606637
27.8,9,3.14023441895142e-05,0.484176554583123
28,9,2.76069342070995e-05,0.47465284720526
28.2,9,2.4090048398932e-05,0.463808674856408
28.4,9,2.09124663205069e-05,0.451608342500141
28.6,9,1.81175217159907e-05,0.437959912882488
28.8,9,1.57341692240484e-05,0.42269315304398
29,9,1.37869633719107e-05,0.405501471921937
29.2,9,1.23173935907532e-05,0.385809376616331
29.4,9,1.14323127875802e-05,0.362452165578363
29.6,9,1.14458843508601e-05,0.332839847887457
29.8,9,1.35006594779766e-05,0.290683077636486
30,9,2.45210466598083e-05,0.221029491578154
30.2,9,0.000197876256026386,0.111726701517402
30.4,9,0.00691217033846283,0.0335175804715049
30.6,9,0.00505285450044399,0.0160503675818004
30.8,9,0.000547479646413221,0.0881723929144714
31,9,0.000206943905344584,0.254040268722186
31.2,9,0.0002170620677719,0.359097434393969
31.4,9,0.000160782269389961,0.413636479662201
31.6,9,0.000112436065265267,0.448417323308108
31.8,9,8.68626940790379e-05,0.471937330873068
32,9,7.41102172538991e-05,0.487971276298506
32.2,9,6.66298687644404e-05,0.498650817144298
32.4,9,6.12256629546238e-05,0.505259319670509
32.6,9,5.66485651511828e-05,0.5086189737025
32.8,9,5.23757208733849e-05,0.509304930208602
33,9,4.81848374760863e-05,0.507746485200967
33.2,9,4.39987355721056e-05,0.504267667754679
33.4,9,3.98182254419058e-05,0.499107641708217
33.6,9,3.56885341469953e-05,0.492436103097398
33.8,9,3.16783857028355e-05,0.484364025538426
34,9,2.78658915553008e-05,0.474952977008661
34.2,9,2.4325496152626e-05,0.464216248748471
34.4,9,2.11199888547533e-05,0.452121984837615
34.6,9,1.82947858052085e-05,0.438582152309361
34.8,9,1.58805189225258e-05,0.423432055663888
35,9,1.39022248347236e-05,0.406374555720951
35.2,9,1.24000051793449e-05,0.386853759004722
35.4,9,1.14752716821985e-05,0.363749651674931
35.6,9,1.14238925410942e-05,0.334584227684666
35.8,9,1.33049811233751e-05,0.293361671700571
36,9,2.32889755275033e-05,0.225697453701371
36.2,9,0.000165426804663667,0.117643188009372
36.4,9,0.00620309547740126,0.0359200053998763
36.6,9,0.00555505333557538,0.0153663243001173
36.8,9,0.000614468482281233,0.0810770885380764
37,9,0.000205583062883597,0.246114086291489
37.2,9,0.000218941394755644,0.355334774716747
37.4,9,0.000163925724754133,0.411396815860123
37.6,9,0.000114339801243538,0.446925798799218
37.8,9,8.77907162826533e-05,0.470919956137201
38,9,7.46040920915091e-05,0.487282151553889
38.2,9,6.69535554337937e-05,0.498204131979507
38.4,9,6.1481466785306e-05,0.505002025640711
38.6,9,5.6877854205147e-05,0.508515587060412
38.8,9,5.25963225336495e-05,0.509329581573268
39,9,4.84039468944653e-05,0.507879603426551
39.2,9,4.42180575865451e-05,0.504494574351786
39.4,9,4.00364066354267e-05,0.499417730505612
39.6,9,3.59024711095639e-05,0.492821992819778
39.8,9,3.18841488420855e-05,0.484821279898064
40,9,2.80593834102134e-05,0.475479549671354
40.2,9,2.45030475316492e-05,0.464812559410403
40.4,9,2.12787420559517e-05,0.452791031188574
40.6,9,1.84327502020067e-05,0.439330121175369
40.8,9,1.59963742889818e-05,0.424270239362041
41,9,1.39945128384696e-05,0.407323335358533
41.2,9,1.24656809867909e-05,0.38795239436331
41.4,9,1.15060822771948e-05,0.365080174834449
41.6,9,1.13944152066989e-05,0.336335368369341
41.8,9,1.31129506935074e-05,0.296002169996757
42,9,2.21718520995719e-05,0.230262681995769
42.2,9,0.000139350644964132,0.123675596786059
42.4,9,0.00548362761464054,0.0384797051207204
42.6,9,0.00607906633918726,0.0148966536195922
42.8,9,0.000691548888716035,0.0743230762232424
43,9,0.000204671684026814,0.237898302035019
43.2,9,0.000220560903355006,0.351421293015966
43.4,9,0.000167106698170391,0.409094261381637
43.6,9,0.000116315917419963,0.445396092463327
43.8,9,8.87564981063381e-05,0.469876626801589
44,9,7.51130919315522e-05,0.486574237781282
20.2,15,0.00104141842003177,0.0811691294222742
20.4,15,0.0014131127227775,0.0596354808085718
20.6,15,0.0013614176233245,0.0744134142994525
20.8,15,0.000872526271073554,0.113731491529555
21,15,0.000708944763088062,0.143299613134307
21.2,15,0.000511148875309801,0.170240500908906
21.4,15,0.000281100192709978,0.187677681188013
21.6,15,0.00017207114411009,0.183342609715777
21.8,15,0.000177380235257443,0.155195578883394
22,15,0.00041930527746314,0.105191427500854
22.2,15,0.00150479216476874,0.0510267751565893
22.4,15,0.00203928404333178,0.0241194899461977
22.6,15,0.000821598102399435,0.0450635436849395
22.8,15,0.000463456717235588,0.122545897150813
23,15,0.00031999511111636,0.207442223199942
23.2,15,0.000126577602701915,0.254976391072458
23.4,15,4.1221769963071e-05,0.277381009921622
23.6,15,1.58364327377351e-05,0.285391350536856
23.8,15,8.44731882999995e-06,0.281806264119589
24,15,6.37307548260987e-06,0.26571116246098
24.2,15,7.29124685083396e-06,0.231196563728144
24.4,15,1.9528942435998e-05,0.16215597081055
24.6,15,0.000371045851484201,0.0569065767773725
24.8,15,0.00257426475388786,0.00771495981681262
25,15,0.000302264811520234,0.0119405229614334
25.2,15,4.01574955044356e-05,0.071018120499683
25.4,15,0.00012136426289151,0.184168346528278
25.6,15,0.000104581754734777,0.250931222196095
25.8,15,4.14317505950963e-05,0.273890202436984
26,15,1.61739883087253e-05,0.277715923239201
26.2,15,8.92735267104164e-06,0.267475703433119
26.4,15,7.93749387023407e-06,0.239969793670018
26.6,15,1.48255921060657e-05,0.181664107076828
26.8,15,0.000164412104482862,0.078889153510924
27,15,0.00256023060661058,0.0124638556766142
27.2,15,0.000597333281205743,0.00784424141353642
27.4,15,4.66848142440575e-05,0.0510704920635698
27.6,15,0.000102820813758251,0.160439845903249
27.8,15,0.000120571395726549,0.241310051734705
28,15,5.20394535174408e-05,0.27091120268843
28.2,15,1.95290411684693e-05,0.278239543657164
28.4,15,9.80523069319794e-06,0.271301839439118
28.6,15,7.73902360045799e-06,0.24860517925714
28.8,15,1.14866690966739e-05,0.199649911207771
29,15,7.33771456947803e-05,0.105391902516251
29.2,15,0.00190838721260647,0.0206569209656534
29.4,15,0.00110643113474464,0.00556203622171763
29.6,15,6.99824632438976e-05,0.0341147791734671
29.8,15,7.80165475635124e-05,0.132342115768896
30,15,0.00013267740890572,0.228036257017199
30.2,15,6.59875805137095e-05,0.266527476676713
30.4,15,2.43101142775897e-05,0.27788676515277
30.6,15,1.11270907170086e-05,0.274256359891447
30.8,15,7.81913567936041e-06,0.255866909469863
31,15,9.60380145663913e-06,0.214903347817711
31.2,15,3.77881418401451e-05,0.132013855955932
31.4,15,0.00105118999081378,0.0333924437493984
31.6,15,0.00181175542558829,0.00530980891908559
31.8,15,0.000131228866939921,0.0218193881861154
32,15,5.67561956761026e-05,0.103691073566564
32.2,15,0.0001356331215635,0.211035682875558
32.4,15,8.2513044904182e-05,0.260695948998815
32.6,15,3.07147503170119e-05,0.276684704296803
32.8,15,1.29624151494192e-05,0.276367889411872
33,15,8.14941112578058e-06,0.261869154877725
33.2,15,8.54029073826942e-06,0.227668346149823
33.4,15,2.27330916793476e-05,0.156637696662366
33.6,15,0.000464811012982578,0.0514987107493651
33.8,15,0.00246271827103913,0.00713711940438811
34,15,0.000265953216105273,0.0135501328014064
34.2,15,4.45631644107291e-05,0.0770733163575838
34.4,15,0.000126632923934935,0.189955196253659
34.6,15,0.0001005634502893,0.253097222417384
34.8,15,3.91303158239015e-05,0.274603390379603
35,15,1.54636289347093e-05,0.277694047854394
35.2,15,8.73562467096908e-06,0.266794180403672
35.4,15,7.97148491171115e-06,0.23835792292142
35.6,15,1.56089951631676e-05,0.178331401880067
35.8,15,0.000190303867824708,0.0746724250207738
36,15,0.0026083513472486,0.0114544534231242
36.2,15,0.000534407596697645,0.00843988670911722
36.4,15,4.49725933681563e-05,0.0543858931986281
36.6,15,0.000106837844605501,0.16492974092734
36.8,15,0.000117976686569945,0.243222986972935
37,15,4.99732989781434e-05,0.271537757716609
37.2,15,1.88556357731105e-05,0.27824044740378
37.4,15,9.62131321918875e-06,0.270752489226116
37.6,15,7.74536247732547e-06,0.247298856353553
37.8,15,1.19034538179637e-05,0.196901895072538
38,15,8.29912571958106e-05,0.100974519021011
38.2,15,0.00204625821071984,0.0190327984423209
38.4,15,0.00100697158353592,0.00579242716964859
38.6,15,6.4182649119504e-05,0.0365611923146628
38.8,15,8.20093555452152e-05,0.137048558924183
39,15,0.000131201395437627,0.230449310083091
39.2,15,6.35122979351959e-05,0.2673360086927
39.4,15,2.3426347498397e-05,0.277999400808468
39.6,15,1.08792556191563e-05,0.273827452169174
39.8,15,7.78926120816528e-06,0.254761970675936
40,15,9.84577726294805e-06,0.212573752120656
40.2,15,4.16886576766064e-05,0.127728204876655
40.4,15,0.00118103772588314,0.0309404603335785
40.6,15,0.00168915060884647,0.005213944603715
40.8,15,0.000117332606537843,0.0235435532907728
41,15,5.97394586127586e-05,0.108330750429275
41.2,15,0.000135933033013687,0.214108732013442
41.4,15,7.96489946376427e-05,0.261766396919449
41.6,15,2.95334801438109e-05,0.276941235479945
41.8,15,1.26194651285717e-05,0.276075168250801
42,15,8.07810130112866e-06,0.26095923570511
42.2,15,8.67546337939228e-06,0.225720248315405
42.4,15,2.44742130170097e-05,0.152773023425047
42.6,15,0.000536683015178467,0.048141780546751
42.8,15,0.00237793944987703,0.0066807450141017
43,15,0.000236497024962603,0.0146718288160604
43.2,15,4.5801433523969e-05,0.0812238253949799
43.4,15,0.000128948107254865,0.193709359339808
43.6,15,9.75616916273298e-05,0.254488951090755
43.8,15,3.75887927491185e-05,0.275010322888669
44,15,1.49975285345269e-05,0.277529448485365
20.2,18,0.000642630538512801,0.0726503189580724
20.4,18,0.000757567449756355,0.0547611137222123
20.6,18,0.000704003557474343,0.0707032256318463
20.8,18,0.000459038888048196,0.101125543472212
21,18,0.000477509689678858,0.107953898954617
21.2,18,0.00048698781428569,0.113276838609709
21.4,18,0.000417977380127613,0.11084807398514
21.6,18,0.000540098893375619,0.0870382322804539
21.8,18,0.000816456421791708,0.0653683859167462
22,18,0.000830682786310451,0.057319970170288
22.2,18,0.00076974560241961,0.0620079463652566
22.4,18,0.000599390836599477,0.0869337594731656
22.6,18,0.000454589549622887,0.116354620281302
22.8,18,0.000356214818333023,0.132172476463276
23,18,0.000302484511647313,0.131298824308409
23.2,18,0.000336777831613291,0.112694473932747
23.4,18,0.00056134425092394,0.0788630702261779
23.6,18,0.000956123796628337,0.0480756172132091
23.8,18,0.000893133522062358,0.0393247576714039
24,18,0.000596808814644436,0.0591073810700127
24.2,18,0.000450661511977181,0.102493897084977
24.4,18,0.000330870179803558,0.142265757869414
24.6,18,0.000214236168245003,0.158280102353381
24.8,18,0.000165185854899347,0.149250842426693
25,18,0.000223846211362953,0.116075188215571
25.2,18,0.000581735104243633,0.0665369782464469
25.4,18,0.00114098570422983,0.0295467433091855
25.6,18,0.000710658358871436,0.0262937013908343
25.8,18,0.000354792150025689,0.0610930403911277
26,18,0.000311389375443973,0.122597780952315
26.2,18,0.00022230791181531,0.166298376821074
26.4,18,0.000125666632205785,0.176652628754831
26.6,18,9.61719423990756e-05,0.158224314843831
26.8,18,0.000173588624315259,0.110617547285917
27,18,0.000719373374588018,0.0497777469186004
27.2,18,0.00115990587485093,0.0175176539911686
27.4,18,0.000429959558369253,0.0237528398944377
27.6,18,0.000215355048280768,0.0728731275026967
27.8,18,0.000237490761766347,0.142561320531543
28,18,0.000161687616808189,0.179168018366879
28.2,18,9.0928453705406e-05,0.179365757487418
28.4,18,8.53986007542603e-05,0.148651846804956
28.6,18,0.000248748847797829,0.0866944970168386
28.8,18,0.00110923262562716,0.0297602827042164
29,18,0.000828471232013416,0.0134214419410289
29.2,18,0.000242033389634018,0.0352717502592714
29.4,18,0.000194531808340505,0.101232191417178
29.6,18,0.000203596195585221,0.163610894654527
29.8,18,0.000121219821620004,0.183674244309863
30,18,7.83447642242368e-05,0.169896978785565
30.2,18,0.000116233540627035,0.123338043854743
30.4,18,0.000558068815671581,0.0547464303069004
30.6,18,0.00122793663263976,0.0168913946008373
30.8,18,0.000449623305810928,0.0181705465404103
31,18,0.000179045783975976,0.06189357715059
31.2,18,0.000211619027686403,0.135733781569752
31.4,18,0.00016394027005134,0.17817001151494
31.6,18,9.2700454110039e-05,0.18067784353013
31.8,18,8.23190231360211e-05,0.151300080617859
32,18,0.000227700946543652,0.0893328431647466
32.2,18,0.00108930971807373,0.0303055716052325
32.4,18,0.000842112609598815,0.0131345410292171
32.6,18,0.000246293276088061,0.0335019447316165
32.8,18,0.000188557104877605,0.0986666209892678
33,18,0.000202721921684472,0.162503082519087
33.2,18,0.000122703970612757,0.183535202046896
33.4,18,7.88668946534272e-05,0.170221802232531
33.6,18,0.000114988341768337,0.124151541926731
33.8,18,0.000545737089594217,0.0555145153603546
34,18,0.00123375109353151,0.017094217088582
34.2,18,0.000456679339911854,0.0179462612367381
34.4,18,0.000180023546062334,0.0610511162227031
34.6,18,0.000211437516731232,0.134910916043685
34.8,18,0.000165017213929692,0.177912601345751
35,18,9.32589161989642e-05,0.180821535689693
35.2,18,8.20261123583794e-05,0.151833161425212
35.4,18,0.000223361093008606,0.0902042422804779
35.6,18,0.00107762352075704,0.0307793572736476
35.8,18,0.000853539339652612,0.0131325337534698
36,18,0.000249478353023535,0.0329882124041396
36.2,18,0.00018803337772782,0.0977229258290548
36.4,18,0.000203443781176809,0.161977471422034
36.6,18,0.000123625873982221,0.18350650376373
36.8,18,7.90162681431227e-05,0.170583622990605
37,18,0.000113544509840935,0.12494203956021
37.2,18,0.000533934639202529,0.0562913985444714
37.4,18,0.00123857196246719,0.0173085124876276
37.6,18,0.000464328518462359,0.0177074404751746
37.8,18,0.000180533019870895,0.0602069109920757
38,18,0.000211139016905247,0.13407783560738
38.2,18,0.000166125467755467,0.177650797153503
38.4,18,9.38230428879337e-05,0.180985058340498
38.6,18,8.16780262517238e-05,0.152408717882379
38.8,18,0.000218792981869702,0.0911120037588878
39,18,0.00106544347817431,0.0312645545160662
39.2,18,0.000865104318031603,0.0131294322838913
39.4,18,0.00025276454867164,0.0324552572641956
39.6,18,0.000187382418664323,0.0967432549362158
39.8,18,0.000204107225515154,0.161430447267701
40,18,0.000124571135741728,0.18346970085426
40.2,18,7.91854050513919e-05,0.170940472533628
40.4,18,0.000112144211276394,0.125730200977919
40.6,18,0.000522296057576376,0.0570750490241223
40.8,18,0.00124301691738022,0.0175285996180882
41,18,0.000472094547098074,0.0174751527638419
41.2,18,0.000181102225594147,0.0593680335533996
41.4,18,0.000210816041167304,0.133237601901721
41.6,18,0.000167231046367028,0.177382262968776
41.8,18,9.43978317366541e-05,0.18114300561017
42,18,8.13487550417936e-05,0.152977388712397
42.2,18,0.000214360895502956,0.0920185089889829
42.4,18,0.00105301054595086,0.031757196261895
42.6,18,0.000876684296375311,0.0131319219919724
42.8,18,0.000256142130660466,0.0319312109929
43,18,0.000186745897689617,0.095764435288985
43.2,18,0.000204750878259361,0.160876154691041
43.4,18,0.00012552409896847,0.183427720050023
43.6,18,7.93648753236268e-05,0.17129213295737
43.8,18,0.000110786099936934,0.126513339158447
44,18,0.000510856698603007,0.0578648332367739
20.2,20,0.000461967311324143,0.0685659108083244
20.4,20,0.000511489873451792,0.0524251807448623
20.6,20,0.000463462227848034,0.0689137092677676
20.8,20,0.000309217248628701,0.0942389526800394
21,20,0.000375974382676186,0.0885512081642471
21.2,20,0.000451084615539576,0.0829867190390009
21.4,20,0.000442630973490413,0.0737699014579758
21.6,20,0.000582968207518448,0.0564926086793963
21.8,20,0.000539221010524657,0.0563243408696089
22,20,0.000457631963564773,0.0651542702461636
22.2,20,0.000439144113058412,0.0779154343059836
22.4,20,0.000379849409415086,0.0918069088361823
22.6,20,0.000365851086705472,0.0930193426031546
22.8,20,0.00041935006130459,0.082681006899611
23,20,0.000494588735786564,0.0694079437760975
23.2,20,0.000559826448068506,0.0575614954210376
23.4,20,0.000542948458138008,0.0557316486626004
23.6,20,0.000463759701138791,0.0657746240027815
23.8,20,0.000415317874094645,0.0806874790799572
24,20,0.000381386301994291,0.092058539307053
24.2,20,0.000371294019883404,0.0928219041858751
24.4,20,0.000416446054612609,0.0823126227294312
24.6,20,0.000507168670799427,0.0674330444474045
24.8,20,0.000564658527921001,0.0566153374080875
25,20,0.000533597485377699,0.055986623695632
25.2,20,0.000461001882942095,0.0667472312270611
25.4,20,0.000408048706996815,0.0824386321946187
25.6,20,0.000376036761550937,0.0930622957445651
25.8,20,0.000372385474114413,0.0924762134125112
26,20,0.000421873298076378,0.0812021887629458
26.2,20,0.000515953199280408,0.0659245670986175
26.4,20,0.0005684882744204,0.0556452405515049
26.6,20,0.000526442580278146,0.0562784523365762
26.8,20,0.000454227904653241,0.0680586192290642
27,20,0.000402825124252588,0.0840409908193819
27.2,20,0.000371812493353129,0.0939626323744157
27.4,20,0.000372566898968615,0.0921099152516862
27.6,20,0.000428732923694296,0.0798638276453331
27.8,20,0.000525338064064565,0.0644143468318697
28,20,0.000570191679786921,0.0548147253183347
28.2,20,0.000519493370101105,0.0566823020918375
28.4,20,0.000447018601361667,0.0695240819040107
28.6,20,0.000397573400535456,0.0856444158669069
28.8,20,0.000368211651105289,0.0947203291568109
29,20,0.000373334556321808,0.0916104747000411
29.2,20,0.000436363822524426,0.0784160717341689
29.4,20,0.000534870133259784,0.0628950286379747
29.6,20,0.000570440855818428,0.0541059016291646
29.8,20,0.000511997413005411,0.0572434672053251
30,20,0.000439944383211938,0.0711021693062215
30.2,20,0.000392369456305683,0.087234006662847
30.4,20,0.000364961379232843,0.0953440847932647
30.6,20,0.000374890636005256,0.0909520432271398
30.8,20,0.000444853357927386,0.0768729249481448
31,20,0.000544152295590537,0.0613936681105696
31.2,20,0.000569356570588711,0.0535221086253458
31.4,20,0.000503981672849508,0.0579709592168441
31.6,20,0.000433040346167813,0.0727806220629547
31.8,20,0.000387298030167142,0.0887861629832562
32,20,0.000362075793545462,0.0958264456695307
32.2,20,0.00037727802262478,0.090133318723464
32.4,20,0.000454204199496863,0.0752437750105029
32.6,20,0.000552938166481192,0.05992973673394
32.8,20,0.0005669274945308,0.0530750374954931
33,20,0.000495587178979833,0.0588661314454838
33.2,20,0.00042632581058432,0.0745460431558908
33.4,20,0.000382381541889665,0.0902808359512537
33.6,20,0.000359613766581388,0.0961567842567958
33.8,20,0.000380549004781728,0.0891563707838616
34,20,0.000464356724668689,0.0735419145221664
34.2,20,0.000561002956601127,0.0585203877480635
34.4,20,0.000563167788886818,0.0527763299369264
34.6,20,0.000486952524224899,0.0599281080593471
34.8,20,0.000419822998091842,0.0763821527809518
35,20,0.000377634266483505,0.0916991698378155
35.2,20,0.000357635935880037,0.0963257946931607
35.4,20,0.00038475756706988,0.0880248939472155
35.6,20,0.000475216656553449,0.0717827618776856
35.8,20,0.000568124471723197,0.0571824211711293
36,20,0.000558133446505619,0.0526363066133025
36.2,20,0.000478207910457035,0.0611537998716409
36.4,20,0.000413545451699307,0.0782706691018573
36.6,20,0.000373074839788324,0.0930229951652608
36.8,20,0.000356204241837716,0.0963259949155298
37,20,0.000389950941115383,0.0867445849279371
37.2,20,0.000486657378917626,0.0699830654413702
37.4,20,0.000574092606778615,0.0559322610079074
37.6,20,0.000551917899154344,0.0526638421524932
37.8,20,0.000469473328892825,0.0625376536164425
38,20,0.000407496918090864,0.0801918145022172
38.2,20,0.000368727548928215,0.0942350849551743
38.4,20,0.000355382473072812,0.0961517583037325
38.6,20,0.000396166131456887,0.0853232508207973
38.8,20,0.000498518728505108,0.0681605680253876
39,20,0.000578720756101536,0.0547857061739863
39.2,20,0.000544646451578538,0.0528662426900703
39.4,20,0.000460854844282135,0.0640715622470221
39.6,20,0.000401673495787854,0.0821247130157511
39.8,20,0.000364622662967228,0.0953194510267906
40,20,0.000355235619550298,0.095799364134808
40.2,20,0.000403426960283461,0.0837707690868283
40.4,20,0.000510607512414048,0.0663337018710901
40.6,20,0.0005818559435796,0.0537577272823645
40.8,20,0.00053646983904317,0.0532490968269123
41,20,0.000452441344503165,0.0657448640500994
41.2,20,0.000396066349495353,0.0840478077385241
41.4,20,0.000360796614814833,0.0962615798822026
41.6,20,0.000355828927200947,0.0952670454646782
41.8,20,0.000411740703831062,0.082098993977454
42,20,0.000522700338859268,0.0645212680366724
42.2,20,0.000583387168967008,0.0528623039226791
42.4,20,0.000527556788112555,0.053816128050923
42.6,20,0.000444302482614122,0.0675444095465334
42.8,20,0.000390664544259834,0.0859392962037232
43,20,0.000357291883381267,0.0970486115332034
43.2,20,0.00035722685610988,0.0945550184637599
43.4,20,0.000421094359881044,0.0803216208550834
43.6,20,0.000534548911539937,0.0627421184384772
43.8,20,0.000583251370914887,0.0521122908178838
44,20,0.000518086020153931,0.05456905534763
20.2,25,0.000197677717196056,0.061686813191436
20.4,25,0.0002054633156359,0.0484515727148924
20.6,25,0.000174132695532369,0.0659188532459633
20.8,25,0.000125449194510679,0.0813789654414495
21,25,0.000208623749223035,0.0541442252646942
21.2,25,0.000263834873665564,0.0362925727870254
21.4,25,0.000213866403169125,0.0281509409081909
21.6,25,0.000176308730382783,0.0301785329337131
21.8,25,0.000136554768521214,0.0441783289655445
22,25,0.00017494485681745,0.0498498716293073
22.2,25,0.000207157409898496,0.0459620402760218
22.4,25,0.000223239412129041,0.0371251773396623
22.6,25,0.000212729764400277,0.0322522592456113
22.8,25,0.000172013479365689,0.0366098159980792
23,25,0.000173348694090563,0.0426060523155884
23.2,25,0.000185425302774433,0.0458727979390507
23.4,25,0.00020362707234681,0.0430618715184376
23.6,25,0.000215054098485158,0.037842144326471
23.8,25,0.000198779977307286,0.0365583077894905
24,25,0.000186154586567368,0.0387124081821383
24.2,25,0.00018361670456468,0.0422184822261997
24.4,25,0.000191445692539585,0.043500929333241
24.6,25,0.000203136841186944,0.0415000868587149
24.8,25,0.000204512541027855,0.0391151324225398
25,25,0.000197713681630746,0.0384551799767722
25.2,25,0.000190436025633777,0.0398644637536909
25.4,25,0.000189547524872723,0.0416866803660015
25.6,25,0.000194966601240134,0.0420665617320304
25.8,25,0.00020000939149308,0.0409906409889394
26,25,0.000200562148448645,0.0397231794070401
26.2,25,0.000196581978906892,0.0395133912943426
26.4,25,0.000192850753713008,0.0403505917344106
26.6,25,0.000192998801641655,0.0412408940315408
26.8,25,0.00019580933351859,0.0413645899779384
27,25,0.000198433448854251,0.0407329711989395
27.2,25,0.00019835382136927,0.0401001462120684
27.4,25,0.000196103978208807,0.040061976434224
27.6,25,0.000194367055384871,0.0405280868772454
27.8,25,0.000194559206089956,0.0409776323423973
28,25,0.000196168700212929,0.0409866282944708
28.2,25,0.000197434408760949,0.0406326395621631
28.4,25,0.000197204088797506,0.0403225846857468
28.6,25,0.000196012123650317,0.0403344826157922
28.8,25,0.000195152561375976,0.040597041404941
29,25,0.000195370790495264,0.0408157494192106
29.2,25,0.000196251831302081,0.0407938314744651
29.4,25,0.000196842640912795,0.0405994033994086
29.6,25,0.000196651154840183,0.0404478354507236
29.8,25,0.000196001668235438,0.04047321610334
30,25,0.0001955991503862,0.0406171015721063
30.2,25,0.000195770223327136,0.0407219925009171
30.4,25,0.000196240974463173,0.0406973544130942
30.6,25,0.000196517450677598,0.0405911800821293
30.8,25,0.000196374709957077,0.0405191631073102
31,25,0.000196029226136244,0.0405419418282315
31.2,25,0.000195845353476338,0.0406197459229441
31.4,25,0.000195962038025691,0.0406692010764796
31.6,25,0.000196212893092788,0.0406493490831857
31.8,25,0.000196336722502822,0.040592346098678
32,25,0.000196241959847445,0.040558831944672
32.2,25,0.000196060268422494,0.0405755776177714
32.4,25,0.000195978579887287,0.0406171801450705
32.6,25,0.000196054027926757,0.0406398336167094
32.8,25,0.00019618536130377,0.0406260071685889
33,25,0.000196238826763869,0.0405957524026197
33.2,25,0.000196179449943215,0.040580599785662
33.4,25,0.00019608474543294,0.0405918077686548
33.6,25,0.000196050410516024,0.0406137513594928
33.8,25,0.000196096756844437,0.0406238003810861
34,25,0.000196164734722986,0.040614852450164
34.2,25,0.000196186520616255,0.0405989819079856
34.4,25,0.000196150622932,0.0405924040610365
34.6,25,0.000196101930991868,0.0405994678268043
34.8,25,0.000196088530265869,0.0406109083258632
35,25,0.000196116089766291,0.0406151612017007
35.2,25,0.000196150860715146,0.0406096386874763
35.4,25,0.000196158865869647,0.0406014159696602
35.6,25,0.000196137812053797,0.0405987186560723
35.8,25,0.000196113073367241,0.0406029982710458
36,25,0.000196108533443098,0.040608891069101
36.2,25,0.000196124517057827,0.0406105641819216
36.4,25,0.000196142065059622,0.0406072712098017
36.6,25,0.000196144440416857,0.0406030619376905
36.8,25,0.000196132366453063,0.0406020567928455
37,25,0.000196119962057775,0.0406045741330599
37.2,25,0.000196118909831211,0.0406075715080891
37.4,25,0.000196127986086094,0.0406081484909279
37.6,25,0.000196136722949543,0.0406062352053492
37.8,25,0.00019613700358226,0.0406041078427925
38,25,0.000196130208632223,0.0406038004465016
38.2,25,0.000196124078787081,0.0406052469792398
38.4,25,0.000196124225132358,0.0406067517511502
38.6,25,0.000196129290294506,0.0406068941186127
38.8,25,0.000196133574482991,0.0406058056302983
39,25,0.000196133216915736,0.0406047450772827
39.2,25,0.000196129455071568,0.0406047002733394
39.4,25,0.000196126474116524,0.0406055156894616
39.6,25,0.000196126913996197,0.040606260401597
39.8,25,0.000196129697617309,0.0406062506876708
40,25,0.000196131762314783,0.0406056423348031
40.2,25,0.000196131314168317,0.0406051214975586
40.4,25,0.000196129261443801,0.0406051589520974
40.6,25,0.000196127838665122,0.0406056110689405
40.8,25,0.000196128255841287,0.0406059737950333
41,25,0.000196129764501284,0.040605924798475
41.2,25,0.000196130739519253,0.0406055900188518
41.4,25,0.000196130371474323,0.0406053385639276
41.6,25,0.000196129266200132,0.040605389732755
41.8,25,0.000196128602203199,0.0406056367625245
42,25,0.000196128915539768,0.0406058102161206
42.2,25,0.000196129722732824,0.0406057619497025
42.4,25,0.000196130171784063,0.0406055802775794
42.6,25,0.000196129911762814,0.0406054612846041
42.8,25,0.000196129324063693,0.0406055042267322
43,25,0.000196129022811247,0.0406056374009956
43.2,25,0.000196129234448403,0.040605718538487
43.4,25,0.000196129661043193,0.040605681767161
43.6,25,0.000196129861272618,0.0406055844509117
43.8,25,0.000196129691623318,0.0406055295036926
44,25,0.000196129382898079,0.0406055601485325
