"t","selected_biomass","total_biomass","on_frac","schedule","trigger","panel"
20.2,0.125570309090141,0.809138346629297,NA,"Constant","Constant","Constant"
20.4,0.0871940979381246,0.769404323848664,NA,"Constant","Constant","Constant"
20.6,0.0634396627999327,0.743952454006009,NA,"Constant","Constant","Constant"
20.8,0.049000131269176,0.727478277267607,NA,"Constant","Constant","Constant"
21,0.0402863480588241,0.716507080778283,NA,"Constant","Constant","Constant"
21.2,0.0350621619204548,0.708877405318297,NA,"Constant","Constant","Constant"
21.4,0.0319799744074715,0.70327647734238,NA,"Constant","Constant","Constant"
21.6,0.0302285349343173,0.698849072627651,NA,"Constant","Constant","Constant"
21.8,0.0293177136910351,0.695039399413896,NA,"Constant","Constant","Constant"
22,0.0289518986716217,0.691518019857577,NA,"Constant","Constant","Constant"
22.2,0.028955777723876,0.688047590585624,NA,"Constant","Constant","Constant"
22.4,0.0292304725905144,0.684448551049129,NA,"Constant","Constant","Constant"
22.6,0.0297254177822968,0.680625482212571,NA,"Constant","Constant","Constant"
22.8,0.0304211134335922,0.676496927647955,NA,"Constant","Constant","Constant"
23,0.0313213281343602,0.671965667925402,NA,"Constant","Constant","Constant"
23.2,0.0324480782080848,0.666970336271948,NA,"Constant","Constant","Constant"
23.4,0.0338365419171229,0.661448527238488,NA,"Constant","Constant","Constant"
23.6,0.0355361518993374,0.655291665162741,NA,"Constant","Constant","Constant"
23.8,0.0376167959948914,0.648396007439063,NA,"Constant","Constant","Constant"
24,0.0401699720043587,0.640651835070592,NA,"Constant","Constant","Constant"
24.2,0.0433085739552806,0.631883578834728,NA,"Constant","Constant","Constant"
24.4,0.0471790283594542,0.621884956624858,NA,"Constant","Constant","Constant"
24.6,0.0519781042889278,0.61042659758262,NA,"Constant","Constant","Constant"
24.8,0.0579520481699521,0.59718979495396,NA,"Constant","Constant","Constant"
25,0.0653839832562595,0.581784526684271,NA,"Constant","Constant","Constant"
25.2,0.0746001529745822,0.563776555977324,NA,"Constant","Constant","Constant"
25.4,0.0859737339956462,0.542648786953196,NA,"Constant","Constant","Constant"
25.6,0.0998381581024076,0.517864817184899,NA,"Constant","Constant","Constant"
25.8,0.11625394266441,0.489020188708532,NA,"Constant","Constant","Constant"
26,0.134622461197902,0.456072061321907,NA,"Constant","Constant","Constant"
26.2,0.153162660205482,0.419916584165709,NA,"Constant","Constant","Constant"
26.4,0.168194309726472,0.383332014637908,NA,"Constant","Constant","Constant"
26.6,0.173985489135597,0.352041605666478,NA,"Constant","Constant","Constant"
26.8,0.165823132660992,0.334768775838165,NA,"Constant","Constant","Constant"
27,0.145322381229809,0.339466563218384,NA,"Constant","Constant","Constant"
27.2,0.12003090966336,0.36610576845339,NA,"Constant","Constant","Constant"
27.4,0.0967628666951262,0.405481937986939,NA,"Constant","Constant","Constant"
27.6,0.0784968332374628,0.447578983336555,NA,"Constant","Constant","Constant"
27.8,0.0654137318466201,0.487058423489368,NA,"Constant","Constant","Constant"
28,0.0564833451952461,0.522141003611914,NA,"Constant","Constant","Constant"
28.2,0.0505055629306443,0.552537260297776,NA,"Constant","Constant","Constant"
28.4,0.0465054097464117,0.578495080293683,NA,"Constant","Constant","Constant"
28.6,0.0437876493883265,0.600451258805879,NA,"Constant","Constant","Constant"
28.8,0.0418867114950914,0.618892041490618,NA,"Constant","Constant","Constant"
29,0.0405016671339762,0.634292253943407,NA,"Constant","Constant","Constant"
29.2,0.0394420067492738,0.647088432440408,NA,"Constant","Constant","Constant"
29.4,0.0385884675761863,0.657668522109257,NA,"Constant","Constant","Constant"
29.6,0.0378666814050939,0.666370115779105,NA,"Constant","Constant","Constant"
29.8,0.0372301692772505,0.67348302107946,NA,"Constant","Constant","Constant"
30,0.0366496498303982,0.679253826132182,NA,"Constant","Constant","Constant"
30.2,0.0361064316486483,0.683891030790342,NA,"Constant","Constant","Constant"
30.4,0.0355883809864108,0.687570203804817,NA,"Constant","Constant","Constant"
30.6,0.0350874879800587,0.690439434917419,NA,"Constant","Constant","Constant"
30.8,0.0345984227105795,0.692622623732538,NA,"Constant","Constant","Constant"
31,0.0341177101928045,0.694222723549547,NA,"Constant","Constant","Constant"
31.2,0.0336432718451843,0.695328686675556,NA,"Constant","Constant","Constant"
31.4,0.0331742052345537,0.696013490353941,NA,"Constant","Constant","Constant"
31.6,0.0327107355978075,0.696335020274674,NA,"Constant","Constant","Constant"
31.8,0.0322542032364059,0.696348181220139,NA,"Constant","Constant","Constant"
32,0.0318070845414087,0.696095009975335,NA,"Constant","Constant","Constant"
32.2,0.0313730687750428,0.69560327502059,NA,"Constant","Constant","Constant"
32.4,0.0309570161031323,0.694906342869404,NA,"Constant","Constant","Constant"
32.6,0.0305648592966872,0.694025759946877,NA,"Constant","Constant","Constant"
32.8,0.0302035418200217,0.69296591746896,NA,"Constant","Constant","Constant"
33,0.0298807947058523,0.691742794112545,NA,"Constant","Constant","Constant"
33.2,0.0296049151602259,0.690363109712785,NA,"Constant","Constant","Constant"
33.4,0.0293846814682619,0.6888115703655,NA,"Constant","Constant","Constant"
33.6,0.0292291039529711,0.687087581500806,NA,"Constant","Constant","Constant"
33.8,0.029147369693304,0.685187186287733,NA,"Constant","Constant","Constant"
34,0.0291492328116284,0.68307947099388,NA,"Constant","Constant","Constant"
34.2,0.0292450446869877,0.680747429332743,NA,"Constant","Constant","Constant"
34.4,0.0294458524418454,0.678178759745171,NA,"Constant","Constant","Constant"
34.6,0.0297646415671332,0.675330153683741,NA,"Constant","Constant","Constant"
34.8,0.0302172302630663,0.672166138936472,NA,"Constant","Constant","Constant"
35,0.0308221786944355,0.66866301788714,NA,"Constant","Constant","Constant"
35.2,0.0316025590340398,0.664762850954483,NA,"Constant","Constant","Constant"
35.4,0.0325890247549912,0.660403298312366,NA,"Constant","Constant","Constant"
35.6,0.0338203370488158,0.655536048480877,NA,"Constant","Constant","Constant"
35.8,0.0353444306181996,0.650074757637171,NA,"Constant","Constant","Constant"
36,0.0372248328751997,0.643909463920999,NA,"Constant","Constant","Constant"
36.2,0.0395462728730841,0.636936848234335,NA,"Constant","Constant","Constant"
36.4,0.042414805983737,0.629007212862499,NA,"Constant","Constant","Constant"
36.6,0.0459635909772548,0.619919214994291,NA,"Constant","Constant","Constant"
36.8,0.0503695070479168,0.609455222753604,NA,"Constant","Constant","Constant"
37,0.0558618679746048,0.597332318611858,NA,"Constant","Constant","Constant"
37.2,0.062711451910903,0.583181661898671,NA,"Constant","Constant","Constant"
37.4,0.0712243801850475,0.566589666953635,NA,"Constant","Constant","Constant"
37.6,0.0817508361151089,0.547074681703072,NA,"Constant","Constant","Constant"
37.8,0.094640402923291,0.524104453173854,NA,"Constant","Constant","Constant"
38,0.110063401172644,0.497230543254242,NA,"Constant","Constant","Constant"
38.2,0.127676624363802,0.466270959769331,NA,"Constant","Constant","Constant"
38.4,0.146155201417357,0.431741396034984,NA,"Constant","Constant","Constant"
38.6,0.162577005609033,0.395670862898217,NA,"Constant","Constant","Constant"
38.8,0.171925538002588,0.362616727545559,NA,"Constant","Constant","Constant"
39,0.168799346673825,0.340225029085398,NA,"Constant","Constant","Constant"
39.2,0.152320934085413,0.337080891006914,NA,"Constant","Constant","Constant"
39.4,0.128351184275606,0.356395300913697,NA,"Constant","Constant","Constant"
39.6,0.104322677923896,0.391815177892786,NA,"Constant","Constant","Constant"
39.8,0.0844558100982447,0.433037747187631,NA,"Constant","Constant","Constant"
40,0.0697599559965279,0.473163782686137,NA,"Constant","Constant","Constant"
40.2,0.0595380074271213,0.509428528653646,NA,"Constant","Constant","Constant"
40.4,0.0526245455953084,0.541136431145828,NA,"Constant","Constant","Constant"
40.6,0.0479779215227347,0.568373266756342,NA,"Constant","Constant","Constant"
40.8,0.0448236875225907,0.591509287361806,NA,"Constant","Constant","Constant"
41,0.042630723101204,0.611006087627041,NA,"Constant","Constant","Constant"
41.2,0.0410501770954955,0.627333946642688,NA,"Constant","Constant","Constant"
41.4,0.0398585868169718,0.640934842077602,NA,"Constant","Constant","Constant"
41.6,0.0389147991706894,0.652206892935637,NA,"Constant","Constant","Constant"
41.8,0.0381301889232664,0.661499711711264,NA,"Constant","Constant","Constant"
42,0.0374490860409662,0.669115379321846,NA,"Constant","Constant","Constant"
42.2,0.0368363043653787,0.675312144657228,NA,"Constant","Constant","Constant"
42.4,0.036269352142781,0.680309171570608,NA,"Constant","Constant","Constant"
42.6,0.0357336337143559,0.684291671108272,NA,"Constant","Constant","Constant"
42.8,0.0352195268547259,0.687415960654995,NA,"Constant","Constant","Constant"
43,0.0347206304152023,0.689812820404378,NA,"Constant","Constant","Constant"
43.2,0.0342327395760487,0.691592096158036,NA,"Constant","Constant","Constant"
43.4,0.03375326142747,0.692847848321578,NA,"Constant","Constant","Constant"
43.6,0.0332809258108976,0.693656132330161,NA,"Constant","Constant","Constant"
43.8,0.032815679867986,0.694080438820269,NA,"Constant","Constant","Constant"
44,0.0323586401575491,0.694178878926219,NA,"Constant","Constant","Constant"
20.2,0.035972117104828,0.719924876174486,0.382734181570375,"Threshold (peaks)","selected-biomass trigger","Peaks
(selected-biomass trigger)"
20.4,0.0279298559199286,0.710031527890864,0.0357669959526187,"Threshold (peaks)","selected-biomass trigger","Peaks
(selected-biomass trigger)"
20.6,0.0266513187044312,0.706230252477727,0.0231566807251246,"Threshold (peaks)","selected-biomass trigger","Peaks
(selected-biomass trigger)"
20.8,0.0263017901203691,0.703276374155283,0.0205436532991988,"Threshold (peaks)","selected-biomass trigger","Peaks
(selected-biomass trigger)"
21,0.0262000869635899,0.700530573618738,0.0198391115070343,"Threshold (peaks)","selected-biomass trigger","Peaks
(selected-biomass trigger)"
21.2,0.0261949142462863,0.697812846042701,0.0198039174907381,"Threshold (peaks)","selected-biomass trigger","Peaks
(selected-biomass trigger)"
21.4,0.0262459235725425,0.695062589740521,0.0201536625378309,"Threshold (peaks)","selected-biomass trigger","Peaks
(selected-biomass trigger)"
21.6,0.0263444643372335,0.69220562881528,0.0208465198756004,"Threshold (peaks)","selected-biomass trigger","Peaks
(selected-biomass trigger)"
21.8,0.0264927468330957,0.689185798237171,0.0219332579054135,"Threshold (peaks)","selected-biomass trigger","Peaks
(selected-biomass trigger)"
22,0.0266961130238728,0.685979876188449,0.0235141874038799,"Threshold (peaks)","selected-biomass trigger","Peaks
(selected-biomass trigger)"
22.2,0.0269607995776313,0.682527781620251,0.025739179451998,"Threshold (peaks)","selected-biomass trigger","Peaks
(selected-biomass trigger)"
22.4,0.0272932305681681,0.678760467104913,0.0288253944022972,"Threshold (peaks)","selected-biomass trigger","Peaks
(selected-biomass trigger)"
22.6,0.0276976358578502,0.674636644988764,0.0330658495677012,"Threshold (peaks)","selected-biomass trigger","Peaks
(selected-biomass trigger)"
22.8,0.0281749314634053,0.67007794688329,0.038847718156911,"Threshold (peaks)","selected-biomass trigger","Peaks
(selected-biomass trigger)"
23,0.0287240373195205,0.664972413849984,0.0466997916753358,"Threshold (peaks)","selected-biomass trigger","Peaks
(selected-biomass trigger)"
23.2,0.0293405513237108,0.659222024615662,0.0573084577498,"Threshold (peaks)","selected-biomass trigger","Peaks
(selected-biomass trigger)"
23.4,0.0300147061020485,0.652687770644464,0.0714778766067187,"Threshold (peaks)","selected-biomass trigger","Peaks
(selected-biomass trigger)"
23.6,0.0307358341172046,0.645169066166867,0.090160908760588,"Threshold (peaks)","selected-biomass trigger","Peaks
(selected-biomass trigger)"
23.8,0.031497465493732,0.636452614559071,0.114563307969359,"Threshold (peaks)","selected-biomass trigger","Peaks
(selected-biomass trigger)"
24,0.0322957684611218,0.626266347003377,0.146116215816473,"Threshold (peaks)","selected-biomass trigger","Peaks
(selected-biomass trigger)"
24.2,0.033130843095894,0.614232872683742,0.186493882683896,"Threshold (peaks)","selected-biomass trigger","Peaks
(selected-biomass trigger)"
24.4,0.0340142424710221,0.599899239770778,0.238014812796757,"Threshold (peaks)","selected-biomass trigger","Peaks
(selected-biomass trigger)"
24.6,0.0349710749416733,0.58267132564088,0.303958606354868,"Threshold (peaks)","selected-biomass trigger","Peaks
(selected-biomass trigger)"
24.8,0.036038499994868,0.561720700303819,0.38824098725423,"Threshold (peaks)","selected-biomass trigger","Peaks
(selected-biomass trigger)"
25,0.0372797715675393,0.53598627540347,0.494993459091472,"Threshold (peaks)","selected-biomass trigger","Peaks
(selected-biomass trigger)"
25.2,0.0388329958998675,0.504085635182604,0.628059819411619,"Threshold (peaks)","selected-biomass trigger","Peaks
(selected-biomass trigger)"
25.4,0.0410458099000047,0.464209205622341,0.785635594488117,"Threshold (peaks)","selected-biomass trigger","Peaks
(selected-biomass trigger)"
25.6,0.044944033042199,0.414452791490876,0.934865508365899,"Threshold (peaks)","selected-biomass trigger","Peaks
(selected-biomass trigger)"
25.8,0.0530248116760596,0.354092698530334,0.99590459299929,"Threshold (peaks)","selected-biomass trigger","Peaks
(selected-biomass trigger)"
26,0.0652167763489797,0.284123589902374,0.999942480746145,"Threshold (peaks)","selected-biomass trigger","Peaks
(selected-biomass trigger)"
26.2,0.0691414712619671,0.217691254126179,0.999985447545257,"Threshold (peaks)","selected-biomass trigger","Peaks
(selected-biomass trigger)"
26.4,0.0476613512178512,0.207884774306463,0.973802279032603,"Threshold (peaks)","selected-biomass trigger","Peaks
(selected-biomass trigger)"
26.6,0.0367620141394991,0.295346864205541,0.449833816169389,"Threshold (peaks)","selected-biomass trigger","Peaks
(selected-biomass trigger)"
26.8,0.0345995510155834,0.394225571835736,0.277153997427907,"Threshold (peaks)","selected-biomass trigger","Peaks
(selected-biomass trigger)"
27,0.0334108784015463,0.468757107293473,0.201831193761345,"Threshold (peaks)","selected-biomass trigger","Peaks
(selected-biomass trigger)"
27.2,0.0328366150949968,0.525153724276111,0.171363894443761,"Threshold (peaks)","selected-biomass trigger","Peaks
(selected-biomass trigger)"
27.4,0.0325301460574292,0.568461101754655,0.156656972225593,"Threshold (peaks)","selected-biomass trigger","Peaks
(selected-biomass trigger)"
27.6,0.0323378963525516,0.602166875182413,0.147966508778102,"Threshold (peaks)","selected-biomass trigger","Peaks
(selected-biomass trigger)"
27.8,0.032195350139078,0.628775102158449,0.141783074435566,"Threshold (peaks)","selected-biomass trigger","Peaks
(selected-biomass trigger)"
28,0.0320762759843292,0.650051190871567,0.136784502299687,"Threshold (peaks)","selected-biomass trigger","Peaks
(selected-biomass trigger)"
28.2,0.0319692339253045,0.667245775262891,0.132418384449228,"Threshold (peaks)","selected-biomass trigger","Peaks
(selected-biomass trigger)"
28.4,0.0318686334133592,0.68126184941509,0.128423219062218,"Threshold (peaks)","selected-biomass trigger","Peaks
(selected-biomass trigger)"
28.6,0.0317714117561483,0.692765395289496,0.124660348628379,"Threshold (peaks)","selected-biomass trigger","Peaks
(selected-biomass trigger)"
28.8,0.0316756993134059,0.702257137046963,0.121048647644515,"Threshold (peaks)","selected-biomass trigger","Peaks
(selected-biomass trigger)"
29,0.0315802277332403,0.710119872013653,0.117536285118587,"Threshold (peaks)","selected-biomass trigger","Peaks
(selected-biomass trigger)"
29.2,0.0314840431739472,0.71665005352048,0.114087368263595,"Threshold (peaks)","selected-biomass trigger","Peaks
(selected-biomass trigger)"
29.4,0.0313863560714304,0.722080594539321,0.110675155413762,"Threshold (peaks)","selected-biomass trigger","Peaks
(selected-biomass trigger)"
29.6,0.0312864563866442,0.726596805551201,0.107278402816547,"Threshold (peaks)","selected-biomass trigger","Peaks
(selected-biomass trigger)"
29.8,0.0311836693834814,0.730344354180746,0.103879550896892,"Threshold (peaks)","selected-biomass trigger","Peaks
(selected-biomass trigger)"
30,0.0310773206110784,0.733445369795343,0.100463475064319,"Threshold (peaks)","selected-biomass trigger","Peaks
(selected-biomass trigger)"
30.2,0.0309667172510045,0.735997732365809,0.0970169552197934,"Threshold (peaks)","selected-biomass trigger","Peaks
(selected-biomass trigger)"
30.4,0.0308511527508463,0.738076245769288,0.0935289597087106,"Threshold (peaks)","selected-biomass trigger","Peaks
(selected-biomass trigger)"
30.6,0.0307298795155926,0.739756256964618,0.0899899967334895,"Threshold (peaks)","selected-biomass trigger","Peaks
(selected-biomass trigger)"
30.8,0.0306021232910212,0.741090489681787,0.0863927916295552,"Threshold (peaks)","selected-biomass trigger","Peaks
(selected-biomass trigger)"
31,0.0304671135273237,0.742118940276588,0.0827333035798517,"Threshold (peaks)","selected-biomass trigger","Peaks
(selected-biomass trigger)"
31.2,0.0303240544882216,0.742897332612324,0.0790100255598757,"Threshold (peaks)","selected-biomass trigger","Peaks
(selected-biomass trigger)"
31.4,0.0301721827367741,0.743452828076522,0.0752255514637628,"Threshold (peaks)","selected-biomass trigger","Peaks
(selected-biomass trigger)"
31.6,0.0300108282250021,0.743806585239147,0.0713877997118744,"Threshold (peaks)","selected-biomass trigger","Peaks
(selected-biomass trigger)"
31.8,0.0298393928689296,0.744005599348952,0.0675089233611268,"Threshold (peaks)","selected-biomass trigger","Peaks
(selected-biomass trigger)"
32,0.0296574474284843,0.74406283089399,0.0636067504419383,"Threshold (peaks)","selected-biomass trigger","Peaks
(selected-biomass trigger)"
32.2,0.029464826406656,0.743985013439968,0.0597054107163582,"Threshold (peaks)","selected-biomass trigger","Peaks
(selected-biomass trigger)"
32.4,0.0292615998754319,0.743813487229129,0.0558329348636555,"Threshold (peaks)","selected-biomass trigger","Peaks
(selected-biomass trigger)"
32.6,0.0290481616293016,0.743554572573402,0.0520210473314977,"Threshold (peaks)","selected-biomass trigger","Peaks
(selected-biomass trigger)"
32.8,0.0288253277526774,0.743199917382544,0.0483045691075965,"Threshold (peaks)","selected-biomass trigger","Peaks
(selected-biomass trigger)"
33,0.0285942605122136,0.742783424632478,0.044717714163712,"Threshold (peaks)","selected-biomass trigger","Peaks
(selected-biomass trigger)"
33.2,0.0283564678920112,0.742311059950272,0.0412922828376106,"Threshold (peaks)","selected-biomass trigger","Peaks
(selected-biomass trigger)"
33.4,0.0281138568538129,0.741759665600278,0.0380569526482509,"Threshold (peaks)","selected-biomass trigger","Peaks
(selected-biomass trigger)"
33.6,0.027868599518851,0.741151376044518,0.0350345019073701,"Threshold (peaks)","selected-biomass trigger","Peaks
(selected-biomass trigger)"
33.8,0.0276230177658757,0.740497522405957,0.0322405006310469,"Threshold (peaks)","selected-biomass trigger","Peaks
(selected-biomass trigger)"
34,0.0273795820860419,0.73976549589649,0.0296841104930335,"Threshold (peaks)","selected-biomass trigger","Peaks
(selected-biomass trigger)"
34.2,0.0271407846109174,0.738961294495736,0.0273678996382258,"Threshold (peaks)","selected-biomass trigger","Peaks
(selected-biomass trigger)"
34.4,0.0269089941118419,0.738104478141001,0.0252881330576186,"Threshold (peaks)","selected-biomass trigger","Peaks
(selected-biomass trigger)"
34.6,0.0266864549479017,0.737163309200979,0.023436652905219,"Threshold (peaks)","selected-biomass trigger","Peaks
(selected-biomass trigger)"
34.8,0.026475237523074,0.736125664233484,0.0218021054850915,"Threshold (peaks)","selected-biomass trigger","Peaks
(selected-biomass trigger)"
35,0.0262771653151219,0.735016333175772,0.0203708511393653,"Threshold (peaks)","selected-biomass trigger","Peaks
(selected-biomass trigger)"
35.2,0.0260938778915765,0.733815546502426,0.019128630284183,"Threshold (peaks)","selected-biomass trigger","Peaks
(selected-biomass trigger)"
35.4,0.0259268522205379,0.732495639160323,0.0180614930663537,"Threshold (peaks)","selected-biomass trigger","Peaks
(selected-biomass trigger)"
35.6,0.0257773809409052,0.731078076855325,0.0171562038467469,"Threshold (peaks)","selected-biomass trigger","Peaks
(selected-biomass trigger)"
35.8,0.0256467161333206,0.729561296563538,0.0164014460990839,"Threshold (peaks)","selected-biomass trigger","Peaks
(selected-biomass trigger)"
36,0.0255361439219877,0.727909801728595,0.0157883286574821,"Threshold (peaks)","selected-biomass trigger","Peaks
(selected-biomass trigger)"
36.2,0.0254468961510736,0.726131973491374,0.0153099495099551,"Threshold (peaks)","selected-biomass trigger","Peaks
(selected-biomass trigger)"
36.4,0.0253803112023801,0.72424220029755,0.0149623674681096,"Threshold (peaks)","selected-biomass trigger","Peaks
(selected-biomass trigger)"
36.6,0.0253380400323757,0.722207410709756,0.0147457514270692,"Threshold (peaks)","selected-biomass trigger","Peaks
(selected-biomass trigger)"
36.8,0.0253218466446693,0.720017118463698,0.0146635902730521,"Threshold (peaks)","selected-biomass trigger","Peaks
(selected-biomass trigger)"
37,0.0253335988553232,0.717691683931635,0.0147231729948024,"Threshold (peaks)","selected-biomass trigger","Peaks
(selected-biomass trigger)"
37.2,0.0253756980900881,0.715208212015896,0.0149385763363265,"Threshold (peaks)","selected-biomass trigger","Peaks
(selected-biomass trigger)"
37.4,0.025450963290703,0.712537690543733,0.015331436245006,"Threshold (peaks)","selected-biomass trigger","Peaks
(selected-biomass trigger)"
37.6,0.0255621971621339,0.709693059515154,0.0159307301223739,"Threshold (peaks)","selected-biomass trigger","Peaks
(selected-biomass trigger)"
37.8,0.0257126536386918,0.706662128973934,0.0167781482894493,"Threshold (peaks)","selected-biomass trigger","Peaks
(selected-biomass trigger)"
38,0.0259064052971453,0.703401242776771,0.0179349389872772,"Threshold (peaks)","selected-biomass trigger","Peaks
(selected-biomass trigger)"
38.2,0.0261474449530323,0.699902973532505,0.0194837906301053,"Threshold (peaks)","selected-biomass trigger","Peaks
(selected-biomass trigger)"
38.4,0.0264394453565703,0.696156716909441,0.0215363878491213,"Threshold (peaks)","selected-biomass trigger","Peaks
(selected-biomass trigger)"
38.6,0.0267867186962996,0.692104829936463,0.0242538584189199,"Threshold (peaks)","selected-biomass trigger","Peaks
(selected-biomass trigger)"
38.8,0.0271933780331691,0.687705815759047,0.0278624543510248,"Threshold (peaks)","selected-biomass trigger","Peaks
(selected-biomass trigger)"
39,0.0276613066298229,0.682929559137325,0.0326614945345204,"Threshold (peaks)","selected-biomass trigger","Peaks
(selected-biomass trigger)"
39.2,0.0281907414093302,0.677691477039141,0.0390549733588722,"Threshold (peaks)","selected-biomass trigger","Peaks
(selected-biomass trigger)"
39.4,0.0287809689735958,0.671892481747119,0.0475954345825561,"Threshold (peaks)","selected-biomass trigger","Peaks
(selected-biomass trigger)"
39.6,0.0294274295719668,0.6654434863087,0.058974410541139,"Threshold (peaks)","selected-biomass trigger","Peaks
(selected-biomass trigger)"
39.8,0.0301213543360372,0.658195079926221,0.073996604437853,"Threshold (peaks)","selected-biomass trigger","Peaks
(selected-biomass trigger)"
40,0.0308554407530042,0.649947180788711,0.0936563476475215,"Threshold (peaks)","selected-biomass trigger","Peaks
(selected-biomass trigger)"
40.2,0.0316260183915132,0.640488985405121,0.119209748766388,"Threshold (peaks)","selected-biomass trigger","Peaks
(selected-biomass trigger)"
40.4,0.0324305436653568,0.629531518395135,0.152103755730862,"Threshold (peaks)","selected-biomass trigger","Peaks
(selected-biomass trigger)"
40.6,0.0332717335435135,0.61668290403569,0.194095322773902,"Threshold (peaks)","selected-biomass trigger","Peaks
(selected-biomass trigger)"
40.8,0.0341647519497938,0.60147582307613,0.247705607847705,"Threshold (peaks)","selected-biomass trigger","Peaks
(selected-biomass trigger)"
41,0.0351367865143639,0.58327741564922,0.316373881987068,"Threshold (peaks)","selected-biomass trigger","Peaks
(selected-biomass trigger)"
41.2,0.036227141076275,0.561214645739511,0.404042017644905,"Threshold (peaks)","selected-biomass trigger","Peaks
(selected-biomass trigger)"
41.4,0.0375070178251865,0.534179732356242,0.514883939029579,"Threshold (peaks)","selected-biomass trigger","Peaks
(selected-biomass trigger)"
41.6,0.0391369801050339,0.500710813032492,0.652570111900234,"Threshold (peaks)","selected-biomass trigger","Peaks
(selected-biomass trigger)"
41.8,0.0415320257990078,0.458913334916037,0.812918325722255,"Threshold (peaks)","selected-biomass trigger","Peaks
(selected-biomass trigger)"
42,0.045942066284926,0.406923223598586,0.953178214458844,"Threshold (peaks)","selected-biomass trigger","Peaks
(selected-biomass trigger)"
42.2,0.0550365031824338,0.344222875945396,0.997971173492366,"Threshold (peaks)","selected-biomass trigger","Peaks
(selected-biomass trigger)"
42.4,0.0674529546412062,0.27217924654442,0.999973713495752,"Threshold (peaks)","selected-biomass trigger","Peaks
(selected-biomass trigger)"
42.6,0.0679151841118134,0.208765131161279,0.999977641875001,"Threshold (peaks)","selected-biomass trigger","Peaks
(selected-biomass trigger)"
42.8,0.0436489844454295,0.214389881482303,0.901182290253904,"Threshold (peaks)","selected-biomass trigger","Peaks
(selected-biomass trigger)"
43,0.0362707414706906,0.312999526770313,0.407723893226551,"Threshold (peaks)","selected-biomass trigger","Peaks
(selected-biomass trigger)"
43.2,0.0343075177993521,0.408838223024122,0.25713920797937,"Threshold (peaks)","selected-biomass trigger","Peaks
(selected-biomass trigger)"
43.4,0.033268206539412,0.48019298641487,0.193902193194742,"Threshold (peaks)","selected-biomass trigger","Peaks
(selected-biomass trigger)"
43.6,0.0327660339598163,0.534253995627492,0.167882569245619,"Threshold (peaks)","selected-biomass trigger","Peaks
(selected-biomass trigger)"
43.8,0.032494631983169,0.575822052784324,0.155020884516568,"Threshold (peaks)","selected-biomass trigger","Peaks
(selected-biomass trigger)"
44,0.0323205035571749,0.608232994134215,0.147200266466849,"Threshold (peaks)","selected-biomass trigger","Peaks
(selected-biomass trigger)"
20.2,0.12557030909014,0.809138346629297,3.80926944821844e-14,"Threshold (troughs)","selected-biomass trigger","Troughs
(selected-biomass trigger)"
20.4,0.0871940976575119,0.769404323568154,2.61438861778112e-08,"Threshold (troughs)","selected-biomass trigger","Troughs
(selected-biomass trigger)"
20.6,0.06343833055288,0.74395112242224,0.000107218666809248,"Threshold (troughs)","selected-biomass trigger","Troughs
(selected-biomass trigger)"
20.8,0.048738420256297,0.727216697882578,0.0181152726359754,"Threshold (troughs)","selected-biomass trigger","Troughs
(selected-biomass trigger)"
21,0.0259894873424607,0.702215396749361,0.981545353701645,"Threshold (troughs)","selected-biomass trigger","Troughs
(selected-biomass trigger)"
21.2,0.00942571884730851,0.683130490501982,0.999943110204421,"Threshold (troughs)","selected-biomass trigger","Troughs
(selected-biomass trigger)"
21.4,0.00715763023891827,0.677988398289099,0.999974290076035,"Threshold (troughs)","selected-biomass trigger","Troughs
(selected-biomass trigger)"
21.6,0.00699466062225072,0.674653892613161,0.999975716245828,"Threshold (troughs)","selected-biomass trigger","Troughs
(selected-biomass trigger)"
21.8,0.00711750402089167,0.671242358557729,0.99997464881491,"Threshold (troughs)","selected-biomass trigger","Troughs
(selected-biomass trigger)"
22,0.00728695129671234,0.667472183902707,0.99997309900489,"Threshold (troughs)","selected-biomass trigger","Troughs
(selected-biomass trigger)"
22.2,0.00747933449279252,0.663255845322144,0.999971224257238,"Threshold (troughs)","selected-biomass trigger","Troughs
(selected-biomass trigger)"
22.4,0.00770053861176908,0.658530685637776,0.999968906626837,"Threshold (troughs)","selected-biomass trigger","Troughs
(selected-biomass trigger)"
22.6,0.00796135753136079,0.653276274855472,0.999965933010819,"Threshold (troughs)","selected-biomass trigger","Troughs
(selected-biomass trigger)"
22.8,0.00827331716656398,0.647439952720279,0.999962000568858,"Threshold (troughs)","selected-biomass trigger","Troughs
(selected-biomass trigger)"
23,0.00865096560375613,0.640934755670556,0.999956627921543,"Threshold (troughs)","selected-biomass trigger","Troughs
(selected-biomass trigger)"
23.2,0.00911388406956176,0.633689327500682,0.999948995221263,"Threshold (troughs)","selected-biomass trigger","Troughs
(selected-biomass trigger)"
23.4,0.00968481425205218,0.625585825421991,0.999937707306887,"Threshold (troughs)","selected-biomass trigger","Troughs
(selected-biomass trigger)"
23.6,0.0103917726879955,0.616444966332688,0.999920209938765,"Threshold (troughs)","selected-biomass trigger","Troughs
(selected-biomass trigger)"
23.8,0.0112765626647142,0.606070948945745,0.999891231937024,"Threshold (troughs)","selected-biomass trigger","Troughs
(selected-biomass trigger)"
24,0.0123983727040667,0.594183851658744,0.999838901479694,"Threshold (troughs)","selected-biomass trigger","Troughs
(selected-biomass trigger)"
24.2,0.013832345315135,0.580388546249888,0.999733844945785,"Threshold (troughs)","selected-biomass trigger","Troughs
(selected-biomass trigger)"
24.4,0.0156834355749794,0.564196713556092,0.999491189193054,"Threshold (troughs)","selected-biomass trigger","Troughs
(selected-biomass trigger)"
24.6,0.0181178831798951,0.544925314044959,0.99880736573939,"Threshold (troughs)","selected-biomass trigger","Troughs
(selected-biomass trigger)"
24.8,0.0213868363977969,0.521632524380785,0.996262638108737,"Threshold (troughs)","selected-biomass trigger","Troughs
(selected-biomass trigger)"
25,0.0259043941995308,0.49314503557509,0.982077461366475,"Threshold (troughs)","selected-biomass trigger","Troughs
(selected-biomass trigger)"
25.2,0.0335856382930169,0.459232327070419,0.788129744803587,"Threshold (troughs)","selected-biomass trigger","Troughs
(selected-biomass trigger)"
25.4,0.0727736905663897,0.447323343544286,4.07874861430709e-06,"Threshold (troughs)","selected-biomass trigger","Troughs
(selected-biomass trigger)"
25.6,0.111696221380388,0.430586916567852,4.90808520274192e-12,"Threshold (troughs)","selected-biomass trigger","Troughs
(selected-biomass trigger)"
25.8,0.142152498032008,0.403796379473391,1.14525951031557e-16,"Threshold (troughs)","selected-biomass trigger","Troughs
(selected-biomass trigger)"
26,0.163558357244805,0.373178063115035,6.35840045688306e-20,"Threshold (troughs)","selected-biomass trigger","Troughs
(selected-biomass trigger)"
26.2,0.171352030922085,0.346855754435002,4.14982986711768e-21,"Threshold (troughs)","selected-biomass trigger","Troughs
(selected-biomass trigger)"
26.4,0.162144153867121,0.334971700179803,1.04335002760543e-19,"Threshold (troughs)","selected-biomass trigger","Troughs
(selected-biomass trigger)"
26.6,0.139890142256966,0.345090847082382,2.52917650880264e-16,"Threshold (troughs)","selected-biomass trigger","Troughs
(selected-biomass trigger)"
26.8,0.113891203525862,0.375345721860943,2.27553502123275e-12,"Threshold (troughs)","selected-biomass trigger","Troughs
(selected-biomass trigger)"
27,0.0911069895008463,0.415856415049179,6.64155235356424e-09,"Threshold (troughs)","selected-biomass trigger","Troughs
(selected-biomass trigger)"
27.2,0.0739027350984289,0.457638922428714,2.74671979529011e-06,"Threshold (troughs)","selected-biomass trigger","Troughs
(selected-biomass trigger)"
27.4,0.0619330459884547,0.496333434016463,0.000181623699406466,"Threshold (troughs)","selected-biomass trigger","Troughs
(selected-biomass trigger)"
27.6,0.0538827784144211,0.53045580547272,0.00303580019181529,"Threshold (troughs)","selected-biomass trigger","Troughs
(selected-biomass trigger)"
27.8,0.0480744871700997,0.559368446194997,0.0227491981338763,"Threshold (troughs)","selected-biomass trigger","Troughs
(selected-biomass trigger)"
28,0.040705948868707,0.580501221897729,0.235088426231412,"Threshold (troughs)","selected-biomass trigger","Troughs
(selected-biomass trigger)"
28.2,0.016416364137168,0.579576103812679,0.999342401695534,"Threshold (troughs)","selected-biomass trigger","Troughs
(selected-biomass trigger)"
28.4,0.011002247056592,0.593057723970102,0.999901193425492,"Threshold (troughs)","selected-biomass trigger","Troughs
(selected-biomass trigger)"
28.6,0.0102863221658991,0.607627799562376,0.999923102470787,"Threshold (troughs)","selected-biomass trigger","Troughs
(selected-biomass trigger)"
28.8,0.0101008122041812,0.619791307560232,0.999927938913523,"Threshold (troughs)","selected-biomass trigger","Troughs
(selected-biomass trigger)"
29,0.00994827377607155,0.629541787306571,0.999931687009204,"Threshold (troughs)","selected-biomass trigger","Troughs
(selected-biomass trigger)"
29.2,0.00979027332457171,0.637253197323352,0.999935363912712,"Threshold (troughs)","selected-biomass trigger","Troughs
(selected-biomass trigger)"
29.4,0.00962845299796974,0.643279639865131,0.999938924671199,"Threshold (troughs)","selected-biomass trigger","Troughs
(selected-biomass trigger)"
29.6,0.00946480858684683,0.647921619040626,0.999942326131935,"Threshold (troughs)","selected-biomass trigger","Troughs
(selected-biomass trigger)"
29.8,0.00930040608241377,0.651429749102066,0.999945552621646,"Threshold (troughs)","selected-biomass trigger","Troughs
(selected-biomass trigger)"
30,0.00913597787299276,0.65401135376452,0.999948599081531,"Threshold (troughs)","selected-biomass trigger","Troughs
(selected-biomass trigger)"
30.2,0.00897216513421532,0.655836330687449,0.999951464633655,"Threshold (troughs)","selected-biomass trigger","Troughs
(selected-biomass trigger)"
30.4,0.00880962861725004,0.657041971240978,0.999954149955306,"Threshold (troughs)","selected-biomass trigger","Troughs
(selected-biomass trigger)"
30.6,0.00864912664265719,0.657741051611581,0.99995665584263,"Threshold (troughs)","selected-biomass trigger","Troughs
(selected-biomass trigger)"
30.8,0.00849159163500576,0.658023501228094,0.999958982184698,"Threshold (troughs)","selected-biomass trigger","Troughs
(selected-biomass trigger)"
31,0.00833821184546325,0.657958158388781,0.999961127151804,"Threshold (troughs)","selected-biomass trigger","Troughs
(selected-biomass trigger)"
31.2,0.00819046527713089,0.657604582554105,0.999963087211037,"Threshold (troughs)","selected-biomass trigger","Troughs
(selected-biomass trigger)"
31.4,0.00805015549542695,0.657004268000131,0.999964857041942,"Threshold (troughs)","selected-biomass trigger","Troughs
(selected-biomass trigger)"
31.6,0.00791942020364637,0.656184411086805,0.999966429652269,"Threshold (troughs)","selected-biomass trigger","Troughs
(selected-biomass trigger)"
31.8,0.00780063317626653,0.655172903697589,0.999967797435861,"Threshold (troughs)","selected-biomass trigger","Troughs
(selected-biomass trigger)"
32,0.00769640928874694,0.653976581027546,0.999968951555908,"Threshold (troughs)","selected-biomass trigger","Troughs
(selected-biomass trigger)"
32.2,0.00760954819821031,0.652594776951008,0.999969881746092,"Threshold (troughs)","selected-biomass trigger","Troughs
(selected-biomass trigger)"
32.4,0.00754278952950386,0.651032488560051,0.999970577677121,"Threshold (troughs)","selected-biomass trigger","Troughs
(selected-biomass trigger)"
32.6,0.00749896197047762,0.649268947078137,0.999971025794011,"Threshold (troughs)","selected-biomass trigger","Troughs
(selected-biomass trigger)"
32.8,0.00748110621916185,0.647283799924313,0.999971206398382,"Threshold (troughs)","selected-biomass trigger","Troughs
(selected-biomass trigger)"
33,0.0074921087057739,0.645063579193188,0.999971095245835,"Threshold (troughs)","selected-biomass trigger","Troughs
(selected-biomass trigger)"
33.2,0.00753510477148472,0.642565257334998,0.999970656748327,"Threshold (troughs)","selected-biomass trigger","Troughs
(selected-biomass trigger)"
33.4,0.00761413851492691,0.639752653796247,0.999969833293541,"Threshold (troughs)","selected-biomass trigger","Troughs
(selected-biomass trigger)"
33.6,0.00773364397727867,0.63659358908234,0.999968544066205,"Threshold (troughs)","selected-biomass trigger","Troughs
(selected-biomass trigger)"
33.8,0.00789888876747676,0.633021876411779,0.999966670148649,"Threshold (troughs)","selected-biomass trigger","Troughs
(selected-biomass trigger)"
34,0.00811762947376978,0.628979505285361,0.999964016792432,"Threshold (troughs)","selected-biomass trigger","Troughs
(selected-biomass trigger)"
34.2,0.00839968002597693,0.624403098953073,0.999960281346677,"Threshold (troughs)","selected-biomass trigger","Troughs
(selected-biomass trigger)"
34.4,0.00875691014037146,0.619186857993958,0.999954988620333,"Threshold (troughs)","selected-biomass trigger","Troughs
(selected-biomass trigger)"
34.6,0.00920671971219815,0.6132251658935,0.999947309873185,"Threshold (troughs)","selected-biomass trigger","Troughs
(selected-biomass trigger)"
34.8,0.0097732405082457,0.606385338233324,0.999935748280711,"Threshold (troughs)","selected-biomass trigger","Troughs
(selected-biomass trigger)"
35,0.0104863297167133,0.598472633948701,0.999917523819518,"Threshold (troughs)","selected-biomass trigger","Troughs
(selected-biomass trigger)"
35.2,0.0113879222590735,0.589264734486539,0.999886906959895,"Threshold (troughs)","selected-biomass trigger","Troughs
(selected-biomass trigger)"
35.4,0.012540643545762,0.578461464497475,0.999830673261364,"Threshold (troughs)","selected-biomass trigger","Troughs
(selected-biomass trigger)"
35.6,0.0140274903632483,0.565646803516592,0.999715025765463,"Threshold (troughs)","selected-biomass trigger","Troughs
(selected-biomass trigger)"
35.8,0.0159603007510128,0.550297222116459,0.999439415011271,"Threshold (troughs)","selected-biomass trigger","Troughs
(selected-biomass trigger)"
36,0.0185134263944098,0.531689643919386,0.99863042009727,"Threshold (troughs)","selected-biomass trigger","Troughs
(selected-biomass trigger)"
36.2,0.0219573685620369,0.508844443582222,0.995439872870642,"Threshold (troughs)","selected-biomass trigger","Troughs
(selected-biomass trigger)"
36.4,0.0267678135056223,0.480566417462216,0.97590232669065,"Threshold (troughs)","selected-biomass trigger","Troughs
(selected-biomass trigger)"
36.6,0.0361944973653155,0.447912825166413,0.598707579255618,"Threshold (troughs)","selected-biomass trigger","Troughs
(selected-biomass trigger)"
36.8,0.0795790901101683,0.440343021118262,3.76283135995007e-07,"Threshold (troughs)","selected-biomass trigger","Troughs
(selected-biomass trigger)"
37,0.116627270970732,0.422885143708004,8.72896667621178e-13,"Threshold (troughs)","selected-biomass trigger","Troughs
(selected-biomass trigger)"
37.2,0.145080019141587,0.396587671791693,4.10833242457004e-17,"Threshold (troughs)","selected-biomass trigger","Troughs
(selected-biomass trigger)"
37.4,0.163627222727796,0.368007646341852,6.20689390317828e-20,"Threshold (troughs)","selected-biomass trigger","Troughs
(selected-biomass trigger)"
37.6,0.167892454507793,0.345561250006697,1.39375806823009e-20,"Threshold (troughs)","selected-biomass trigger","Troughs
(selected-biomass trigger)"
37.8,0.156042544723598,0.338791926969922,8.83906547771583e-19,"Threshold (troughs)","selected-biomass trigger","Troughs
(selected-biomass trigger)"
38,0.133359360581365,0.353211629439891,2.49015903303344e-15,"Threshold (troughs)","selected-biomass trigger","Troughs
(selected-biomass trigger)"
38.2,0.108570036095536,0.385099229450349,1.46677902336111e-11,"Threshold (troughs)","selected-biomass trigger","Troughs
(selected-biomass trigger)"
38.4,0.0874081679967838,0.424938374725248,2.42556433378286e-08,"Threshold (troughs)","selected-biomass trigger","Troughs
(selected-biomass trigger)"
38.6,0.0715801541472077,0.465119007501819,6.19508925049438e-06,"Threshold (troughs)","selected-biomass trigger","Troughs
(selected-biomass trigger)"
38.8,0.0605680881664878,0.50208835266237,0.000292898211113031,"Threshold (troughs)","selected-biomass trigger","Troughs
(selected-biomass trigger)"
39,0.053089330462227,0.534608929785191,0.00400427898244359,"Threshold (troughs)","selected-biomass trigger","Troughs
(selected-biomass trigger)"
39.2,0.0475012821515293,0.562035767520252,0.0276663885285372,"Threshold (troughs)","selected-biomass trigger","Troughs
(selected-biomass trigger)"
39.4,0.0391245107052808,0.580826105032099,0.348420575973039,"Threshold (troughs)","selected-biomass trigger","Troughs
(selected-biomass trigger)"
39.6,0.0153235951798677,0.579310409418187,0.9995514040051,"Threshold (troughs)","selected-biomass trigger","Troughs
(selected-biomass trigger)"
39.8,0.0108630633540289,0.592852678438165,0.999905893454278,"Threshold (troughs)","selected-biomass trigger","Troughs
(selected-biomass trigger)"
40,0.0102546905551201,0.606816233740278,0.999923949514263,"Threshold (troughs)","selected-biomass trigger","Troughs
(selected-biomass trigger)"
40.2,0.0100693071598763,0.618399823702949,0.999928729527689,"Threshold (troughs)","selected-biomass trigger","Troughs
(selected-biomass trigger)"
40.4,0.00990882562023413,0.627667644958169,0.999932624166769,"Threshold (troughs)","selected-biomass trigger","Troughs
(selected-biomass trigger)"
40.6,0.00974423313458773,0.634981202535602,0.999936397617158,"Threshold (troughs)","selected-biomass trigger","Troughs
(selected-biomass trigger)"
40.8,0.00957727888215946,0.640677413592226,0.999940009378727,"Threshold (troughs)","selected-biomass trigger","Troughs
(selected-biomass trigger)"
41,0.00940966509466136,0.645042745534812,0.999943429118988,"Threshold (troughs)","selected-biomass trigger","Troughs
(selected-biomass trigger)"
41.2,0.00924232498774498,0.648316918018579,0.999946648816064,"Threshold (troughs)","selected-biomass trigger","Troughs
(selected-biomass trigger)"
41.4,0.00907595675794371,0.650698124609148,0.999949668148847,"Threshold (troughs)","selected-biomass trigger","Troughs
(selected-biomass trigger)"
41.6,0.0089112310220923,0.652348733871192,0.999952489296422,"Threshold (troughs)","selected-biomass trigger","Troughs
(selected-biomass trigger)"
41.8,0.0087488841995685,0.653401886274842,0.999955114947514,"Threshold (troughs)","selected-biomass trigger","Troughs
(selected-biomass trigger)"
42,0.0085898009001902,0.653963487378218,0.999957547011436,"Threshold (troughs)","selected-biomass trigger","Troughs
(selected-biomass trigger)"
42.2,0.00843509226733244,0.654118153336923,0.999959785743228,"Threshold (troughs)","selected-biomass trigger","Troughs
(selected-biomass trigger)"
42.4,0.00828614641927021,0.653935985602065,0.999961829470428,"Threshold (troughs)","selected-biomass trigger","Troughs
(selected-biomass trigger)"
42.6,0.00814468899519146,0.653465842901495,0.999963674204757,"Threshold (troughs)","selected-biomass trigger","Troughs
(selected-biomass trigger)"
42.8,0.00801278943614366,0.652746316377138,0.999965313888541,"Threshold (troughs)","selected-biomass trigger","Troughs
(selected-biomass trigger)"
43,0.00789281373737387,0.651809054696685,0.999966740978068,"Threshold (troughs)","selected-biomass trigger","Troughs
(selected-biomass trigger)"
43.2,0.00778745102996452,0.650663629185748,0.999967945745311,"Threshold (troughs)","selected-biomass trigger","Troughs
(selected-biomass trigger)"
43.4,0.00769958894109294,0.649319263036103,0.999968916965475,"Threshold (troughs)","selected-biomass trigger","Troughs
(selected-biomass trigger)"
43.6,0.00763216587296024,0.647779006297895,0.999969642252542,"Threshold (troughs)","selected-biomass trigger","Troughs
(selected-biomass trigger)"
43.8,0.00758836011104896,0.64602235179226,0.999970104387805,"Threshold (troughs)","selected-biomass trigger","Troughs
(selected-biomass trigger)"
44,0.00757147986268492,0.644037655257995,0.99997028058483,"Threshold (troughs)","selected-biomass trigger","Troughs
(selected-biomass trigger)"
20.2,0.0329822593738272,0.716935762823098,0.999848538642246,"Threshold (peaks, total)","total-biomass trigger","Peaks
(total-biomass trigger)"
20.4,0.0100429121709847,0.692125894234861,0.995203266674929,"Threshold (peaks, total)","total-biomass trigger","Peaks
(total-biomass trigger)"
20.6,0.00722996740676938,0.686591578222216,0.989678887042642,"Threshold (peaks, total)","total-biomass trigger","Peaks
(total-biomass trigger)"
20.8,0.00699338292292717,0.683461844902798,0.984120388394316,"Threshold (peaks, total)","total-biomass trigger","Peaks
(total-biomass trigger)"
21,0.00705170997012527,0.680478786252839,0.976123420254491,"Threshold (peaks, total)","total-biomass trigger","Peaks
(total-biomass trigger)"
21.2,0.00716582785221236,0.677352782869413,0.963551810276381,"Threshold (peaks, total)","total-biomass trigger","Peaks
(total-biomass trigger)"
21.4,0.00732989124842675,0.674052915029882,0.943455997583732,"Threshold (peaks, total)","total-biomass trigger","Peaks
(total-biomass trigger)"
21.6,0.00757197803129479,0.670548665844114,0.910993261372369,"Threshold (peaks, total)","total-biomass trigger","Peaks
(total-biomass trigger)"
21.8,0.00794279390962483,0.666853785809375,0.859425992547933,"Threshold (peaks, total)","total-biomass trigger","Peaks
(total-biomass trigger)"
22,0.00851857026385,0.663034282536783,0.782084890053387,"Threshold (peaks, total)","total-biomass trigger","Peaks
(total-biomass trigger)"
22.2,0.00940559995618207,0.659142786585768,0.675933202366849,"Threshold (peaks, total)","total-biomass trigger","Peaks
(total-biomass trigger)"
22.4,0.0107290749855568,0.655255189212493,0.548094638691179,"Threshold (peaks, total)","total-biomass trigger","Peaks
(total-biomass trigger)"
22.6,0.0125877902517207,0.651445250310019,0.416206968232665,"Threshold (peaks, total)","total-biomass trigger","Peaks
(total-biomass trigger)"
22.8,0.0150272815285539,0.647689550701291,0.29689271634021,"Threshold (peaks, total)","total-biomass trigger","Peaks
(total-biomass trigger)"
23,0.0180435289302333,0.643905582587542,0.199430782480804,"Threshold (peaks, total)","total-biomass trigger","Peaks
(total-biomass trigger)"
23.2,0.0215840053690621,0.639972989775925,0.125834704552687,"Threshold (peaks, total)","total-biomass trigger","Peaks
(total-biomass trigger)"
23.4,0.0255691730400085,0.635684562391442,0.0733475148501971,"Threshold (peaks, total)","total-biomass trigger","Peaks
(total-biomass trigger)"
23.6,0.0299124862929779,0.630785040304818,0.0384324101427572,"Threshold (peaks, total)","total-biomass trigger","Peaks
(total-biomass trigger)"
23.8,0.0345367034488807,0.624997787683828,0.0175195757121253,"Threshold (peaks, total)","total-biomass trigger","Peaks
(total-biomass trigger)"
24,0.0394167338083612,0.617995875011881,0.00667123004814791,"Threshold (peaks, total)","total-biomass trigger","Peaks
(total-biomass trigger)"
24.2,0.0446346817592319,0.609469889638479,0.00204093851546894,"Threshold (peaks, total)","total-biomass trigger","Peaks
(total-biomass trigger)"
24.4,0.0504230635048437,0.59917064489945,0.000486081223977476,"Threshold (peaks, total)","total-biomass trigger","Peaks
(total-biomass trigger)"
24.6,0.0571460359878017,0.586821169041827,8.68776685573102e-05,"Threshold (peaks, total)","total-biomass trigger","Peaks
(total-biomass trigger)"
24.8,0.0652245000885437,0.572083303585363,1.1125222286404e-05,"Threshold (peaks, total)","total-biomass trigger","Peaks
(total-biomass trigger)"
25,0.0750924718606707,0.554549124460669,9.64529794847764e-07,"Threshold (peaks, total)","total-biomass trigger","Peaks
(total-biomass trigger)"
25.2,0.0871872137890564,0.533703786669091,5.269515928947e-08,"Threshold (peaks, total)","total-biomass trigger","Peaks
(total-biomass trigger)"
25.4,0.101849101975999,0.509019637585334,1.68546244289576e-09,"Threshold (peaks, total)","total-biomass trigger","Peaks
(total-biomass trigger)"
25.6,0.119042977325873,0.480131465249121,2.99944691793433e-11,"Threshold (peaks, total)","total-biomass trigger","Peaks
(total-biomass trigger)"
25.8,0.137913671557484,0.44713335879779,3.00909409097337e-13,"Threshold (peaks, total)","total-biomass trigger","Peaks
(total-biomass trigger)"
26,0.156229069424117,0.411263834383551,2.02262975382703e-15,"Threshold (peaks, total)","total-biomass trigger","Peaks
(total-biomass trigger)"
26.2,0.169716649736795,0.37590582205372,1.46008422523821e-17,"Threshold (peaks, total)","total-biomass trigger","Peaks
(total-biomass trigger)"
26.4,0.172515906528711,0.347534667183612,2.79263610461136e-19,"Threshold (peaks, total)","total-biomass trigger","Peaks
(total-biomass trigger)"
26.6,0.161155566965264,0.335080605016674,4.91706252774976e-20,"Threshold (peaks, total)","total-biomass trigger","Peaks
(total-biomass trigger)"
26.8,0.139090524767113,0.34508998631831,1.98585113028267e-19,"Threshold (peaks, total)","total-biomass trigger","Peaks
(total-biomass trigger)"
27,0.1141494921764,0.375142478653258,1.31263590241171e-17,"Threshold (peaks, total)","total-biomass trigger","Peaks
(total-biomass trigger)"
27.2,0.0921616065843087,0.415301299927479,3.55185052322493e-15,"Threshold (peaks, total)","total-biomass trigger","Peaks
(total-biomass trigger)"
27.4,0.0752821110131226,0.456639411235778,1.13289971399501e-12,"Threshold (peaks, total)","total-biomass trigger","Peaks
(total-biomass trigger)"
27.6,0.0633159389192998,0.494850601499878,2.33635678455332e-10,"Threshold (peaks, total)","total-biomass trigger","Peaks
(total-biomass trigger)"
27.8,0.0551651847806002,0.528601107484421,2.58651711250874e-08,"Threshold (peaks, total)","total-biomass trigger","Peaks
(total-biomass trigger)"
28,0.0496903545558134,0.557753623298801,1.50800637163295e-06,"Threshold (peaks, total)","total-biomass trigger","Peaks
(total-biomass trigger)"
28.2,0.0459974735013838,0.582604640816043,4.82548871981881e-05,"Threshold (peaks, total)","total-biomass trigger","Peaks
(total-biomass trigger)"
28.4,0.043444521246102,0.603586271514482,0.000899438921998166,"Threshold (peaks, total)","total-biomass trigger","Peaks
(total-biomass trigger)"
28.6,0.0414485002560658,0.621012148760048,0.0101246702419187,"Threshold (peaks, total)","total-biomass trigger","Peaks
(total-biomass trigger)"
28.8,0.0387513069354925,0.634351916376228,0.0616747201117325,"Threshold (peaks, total)","total-biomass trigger","Peaks
(total-biomass trigger)"
29,0.0335914140322813,0.64241753051198,0.168347909962416,"Threshold (peaks, total)","total-biomass trigger","Peaks
(total-biomass trigger)"
29.2,0.0272876939946418,0.646961338141982,0.27613878186662,"Threshold (peaks, total)","total-biomass trigger","Peaks
(total-biomass trigger)"
29.4,0.0218999961744252,0.650396689508364,0.381167075923297,"Threshold (peaks, total)","total-biomass trigger","Peaks
(total-biomass trigger)"
29.6,0.0178762918097212,0.653485963610057,0.486562405746522,"Threshold (peaks, total)","total-biomass trigger","Peaks
(total-biomass trigger)"
29.8,0.0150459522241083,0.656327163772441,0.584791401121797,"Threshold (peaks, total)","total-biomass trigger","Peaks
(total-biomass trigger)"
30,0.0131311454521427,0.658864513337009,0.667374971080375,"Threshold (peaks, total)","total-biomass trigger","Peaks
(total-biomass trigger)"
30.2,0.0118639015597031,0.661014831188202,0.730315206209076,"Threshold (peaks, total)","total-biomass trigger","Peaks
(total-biomass trigger)"
30.4,0.0110259484917179,0.662716214990599,0.774430497577411,"Threshold (peaks, total)","total-biomass trigger","Peaks
(total-biomass trigger)"
30.6,0.0104616033613838,0.663946366011762,0.802985299577804,"Threshold (peaks, total)","total-biomass trigger","Peaks
(total-biomass trigger)"
30.8,0.0100705075403984,0.664721957556365,0.819538374456466,"Threshold (peaks, total)","total-biomass trigger","Peaks
(total-biomass trigger)"
31,0.00979246076664065,0.665083490162472,0.826875461099116,"Threshold (peaks, total)","total-biomass trigger","Peaks
(total-biomass trigger)"
31.2,0.00959387953800831,0.66507985998365,0.82680297539736,"Threshold (peaks, total)","total-biomass trigger","Peaks
(total-biomass trigger)"
31.4,0.0094570881284397,0.664767512217583,0.82047606276177,"Threshold (peaks, total)","total-biomass trigger","Peaks
(total-biomass trigger)"
31.6,0.00937410132371856,0.664196744635671,0.808450964214062,"Threshold (peaks, total)","total-biomass trigger","Peaks
(total-biomass trigger)"
31.8,0.00934433697674059,0.663406497728229,0.790802144758336,"Threshold (peaks, total)","total-biomass trigger","Peaks
(total-biomass trigger)"
32,0.00937108269868658,0.662439050831649,0.767606631838717,"Threshold (peaks, total)","total-biomass trigger","Peaks
(total-biomass trigger)"
32.2,0.00946070531732602,0.661322066484016,0.738670487227803,"Threshold (peaks, total)","total-biomass trigger","Peaks
(total-biomass trigger)"
32.4,0.00962447892389646,0.660071207556969,0.703625709030187,"Threshold (peaks, total)","total-biomass trigger","Peaks
(total-biomass trigger)"
32.6,0.00987509717895771,0.658711740820173,0.662628631502543,"Threshold (peaks, total)","total-biomass trigger","Peaks
(total-biomass trigger)"
32.8,0.0102276494419991,0.657251409170599,0.61570811550575,"Threshold (peaks, total)","total-biomass trigger","Peaks
(total-biomass trigger)"
33,0.0107032991418683,0.655691111789219,0.5631040902439,"Threshold (peaks, total)","total-biomass trigger","Peaks
(total-biomass trigger)"
33.2,0.0113228248558697,0.654046778313916,0.506111852484704,"Threshold (peaks, total)","total-biomass trigger","Peaks
(total-biomass trigger)"
33.4,0.0121085299812117,0.652313323408368,0.445887450308367,"Threshold (peaks, total)","total-biomass trigger","Peaks
(total-biomass trigger)"
33.6,0.0130888632605518,0.650482097573088,0.38398060501791,"Threshold (peaks, total)","total-biomass trigger","Peaks
(total-biomass trigger)"
33.8,0.0142876631546279,0.648558543383513,0.322796924097987,"Threshold (peaks, total)","total-biomass trigger","Peaks
(total-biomass trigger)"
34,0.0157267916535301,0.646519476841981,0.263992684001622,"Threshold (peaks, total)","total-biomass trigger","Peaks
(total-biomass trigger)"
34.2,0.0174315659424321,0.644334765123153,0.209159130598313,"Threshold (peaks, total)","total-biomass trigger","Peaks
(total-biomass trigger)"
34.4,0.0194179058861388,0.641980390813622,0.159984214220028,"Threshold (peaks, total)","total-biomass trigger","Peaks
(total-biomass trigger)"
34.6,0.0216948154892445,0.639390639951619,0.117169090938651,"Threshold (peaks, total)","total-biomass trigger","Peaks
(total-biomass trigger)"
34.8,0.0242696319071954,0.636479492030261,0.0812481460761138,"Threshold (peaks, total)","total-biomass trigger","Peaks
(total-biomass trigger)"
35,0.0271384062761621,0.633151005044939,0.0526649238251556,"Threshold (peaks, total)","total-biomass trigger","Peaks
(total-biomass trigger)"
35.2,0.0302893631180915,0.629248557832653,0.0312513202755066,"Threshold (peaks, total)","total-biomass trigger","Peaks
(total-biomass trigger)"
35.4,0.0337162355125803,0.624580161131133,0.0165447338790339,"Threshold (peaks, total)","total-biomass trigger","Peaks
(total-biomass trigger)"
35.6,0.0374380520108693,0.61894684996991,0.00761014933878997,"Threshold (peaks, total)","total-biomass trigger","Peaks
(total-biomass trigger)"
35.8,0.0415265527985787,0.612111939202943,0.00294752133688213,"Threshold (peaks, total)","total-biomass trigger","Peaks
(total-biomass trigger)"
36,0.0461296128830119,0.603834841845594,0.000931136018402172,"Threshold (peaks, total)","total-biomass trigger","Peaks
(total-biomass trigger)"
36.2,0.0514882285691133,0.593884771245954,0.000232631215625178,"Threshold (peaks, total)","total-biomass trigger","Peaks
(total-biomass trigger)"
36.4,0.0579245215573318,0.58196829772558,4.41571989766195e-05,"Threshold (peaks, total)","total-biomass trigger","Peaks
(total-biomass trigger)"
36.6,0.0657984555222669,0.567722241821531,6.05582432810459e-06,"Threshold (peaks, total)","total-biomass trigger","Peaks
(total-biomass trigger)"
36.8,0.0754838880676153,0.55072208937097,5.65617361336562e-07,"Threshold (peaks, total)","total-biomass trigger","Peaks
(total-biomass trigger)"
37,0.0873598956647962,0.530460753779777,3.35234774711092e-08,"Threshold (peaks, total)","total-biomass trigger","Peaks
(total-biomass trigger)"
37.2,0.101710983684575,0.506441180809473,1.17638364306407e-09,"Threshold (peaks, total)","total-biomass trigger","Peaks
(total-biomass trigger)"
37.4,0.118457322465152,0.478343740514719,2.33756428705681e-11,"Threshold (peaks, total)","total-biomass trigger","Peaks
(total-biomass trigger)"
37.6,0.136731976347714,0.446316254296672,2.68501041235652e-13,"Threshold (peaks, total)","total-biomass trigger","Peaks
(total-biomass trigger)"
37.8,0.154365267545262,0.411620499281173,2.12578144921211e-15,"Threshold (peaks, total)","total-biomass trigger","Peaks
(total-biomass trigger)"
38,0.167311084527732,0.377554455974087,1.83751618947327e-17,"Threshold (peaks, total)","total-biomass trigger","Peaks
(total-biomass trigger)"
38.2,0.17012600788108,0.350281153511465,4.09601504586792e-19,"Threshold (peaks, total)","total-biomass trigger","Peaks
(total-biomass trigger)"
38.4,0.159564064099928,0.338163350564092,7.55821480893451e-20,"Threshold (peaks, total)","total-biomass trigger","Peaks
(total-biomass trigger)"
38.6,0.138651135048023,0.347344041490102,2.71937230074309e-19,"Threshold (peaks, total)","total-biomass trigger","Peaks
(total-biomass trigger)"
38.8,0.114585484039443,0.375807395539396,1.44017903009784e-17,"Threshold (peaks, total)","total-biomass trigger","Peaks
(total-biomass trigger)"
39,0.0930181214265115,0.414465817794966,3.16119876684301e-15,"Threshold (peaks, total)","total-biomass trigger","Peaks
(total-biomass trigger)"
39.2,0.0762299498689245,0.454761392280876,8.71856430806908e-13,"Threshold (peaks, total)","total-biomass trigger","Peaks
(total-biomass trigger)"
39.4,0.0641869714234314,0.492310505123836,1.63942837269642e-10,"Threshold (peaks, total)","total-biomass trigger","Peaks
(total-biomass trigger)"
39.6,0.0558977460831351,0.525644234078737,1.71248033460855e-08,"Threshold (peaks, total)","total-biomass trigger","Peaks
(total-biomass trigger)"
39.8,0.0502761631426052,0.554538656800592,9.63122770512048e-07,"Threshold (peaks, total)","total-biomass trigger","Peaks
(total-biomass trigger)"
40,0.0464510979294918,0.579237099259646,3.01707662986941e-05,"Threshold (peaks, total)","total-biomass trigger","Peaks
(total-biomass trigger)"
40.2,0.0437931222796582,0.600141907966397,0.000556551020165007,"Threshold (peaks, total)","total-biomass trigger","Peaks
(total-biomass trigger)"
40.4,0.0417812449520092,0.617604495829383,0.00631909777149654,"Threshold (peaks, total)","total-biomass trigger","Peaks
(total-biomass trigger)"
40.6,0.0394728720415713,0.631396583443296,0.0417112951280183,"Threshold (peaks, total)","total-biomass trigger","Peaks
(total-biomass trigger)"
40.8,0.0351510550480102,0.640371327125284,0.132073590443035,"Threshold (peaks, total)","total-biomass trigger","Peaks
(total-biomass trigger)"
41,0.0292047399619952,0.645352874744782,0.233614225228059,"Threshold (peaks, total)","total-biomass trigger","Peaks
(total-biomass trigger)"
41.2,0.0237292866781424,0.648782651728155,0.3296666038702,"Threshold (peaks, total)","total-biomass trigger","Peaks
(total-biomass trigger)"
41.4,0.0194792287578261,0.65172215186597,0.425619377941308,"Threshold (peaks, total)","total-biomass trigger","Peaks
(total-biomass trigger)"
41.6,0.0163912912102559,0.654375476114458,0.517565081867661,"Threshold (peaks, total)","total-biomass trigger","Peaks
(total-biomass trigger)"
41.8,0.0142301841675737,0.656730300443662,0.59837435089247,"Threshold (peaks, total)","total-biomass trigger","Peaks
(total-biomass trigger)"
42,0.0127533488282318,0.65872894648812,0.663164840423901,"Threshold (peaks, total)","total-biomass trigger","Peaks
(total-biomass trigger)"
42.2,0.0117537755002681,0.660319519560987,0.710796034639984,"Threshold (peaks, total)","total-biomass trigger","Peaks
(total-biomass trigger)"
42.4,0.0110747190888037,0.661478695406419,0.742865076384986,"Threshold (peaks, total)","total-biomass trigger","Peaks
(total-biomass trigger)"
42.6,0.0106085833883636,0.66221396330936,0.761959924105877,"Threshold (peaks, total)","total-biomass trigger","Peaks
(total-biomass trigger)"
42.8,0.0102874656810216,0.66255421528143,0.770459375241183,"Threshold (peaks, total)","total-biomass trigger","Peaks
(total-biomass trigger)"
43,0.0100709397653374,0.662544885966242,0.770229196300481,"Threshold (peaks, total)","total-biomass trigger","Peaks
(total-biomass trigger)"
43.2,0.00993646632236257,0.662234632014055,0.762482345661975,"Threshold (peaks, total)","total-biomass trigger","Peaks
(total-biomass trigger)"
43.4,0.00987422750351831,0.66166613829628,0.747826663539589,"Threshold (peaks, total)","total-biomass trigger","Peaks
(total-biomass trigger)"
43.6,0.00988175969112159,0.66088542579885,0.726746013724954,"Threshold (peaks, total)","total-biomass trigger","Peaks
(total-biomass trigger)"
43.8,0.00996148281428956,0.659927777374219,0.699437440556789,"Threshold (peaks, total)","total-biomass trigger","Peaks
(total-biomass trigger)"
44,0.0101218030947466,0.658815657986165,0.665860766433685,"Threshold (peaks, total)","total-biomass trigger","Peaks
(total-biomass trigger)"
20.2,0.125570309080859,0.809138346620023,3.94374032917522e-10,"Threshold (troughs, total)","total-biomass trigger","Troughs
(total-biomass trigger)"
20.4,0.0871940954551896,0.769404321368257,1.00574974746108e-07,"Threshold (troughs, total)","total-biomass trigger","Troughs
(total-biomass trigger)"
20.6,0.0634395703243596,0.743952361612421,3.49980881629123e-06,"Threshold (troughs, total)","total-biomass trigger","Troughs
(total-biomass trigger)"
20.8,0.0489991312570618,0.72747727746747,3.48242427064672e-05,"Threshold (troughs, total)","total-biomass trigger","Troughs
(total-biomass trigger)"
21,0.0402812992985154,0.716502026583391,0.000160904417106133,"Threshold (troughs, total)","total-biomass trigger","Troughs
(total-biomass trigger)"
21.2,0.0350461947094073,0.708861388618062,0.000466882576200112,"Threshold (troughs, total)","total-biomass trigger","Troughs
(total-biomass trigger)"
21.4,0.0319422084933871,0.703238484172738,0.00102218693403613,"Threshold (troughs, total)","total-biomass trigger","Troughs
(total-biomass trigger)"
21.6,0.0301538765799835,0.698773673129691,0.00190356813894241,"Threshold (troughs, total)","total-biomass trigger","Troughs
(total-biomass trigger)"
21.8,0.0291848265534101,0.694904560359603,0.00326076198643549,"Threshold (troughs, total)","total-biomass trigger","Troughs
(total-biomass trigger)"
22,0.0287281772774931,0.691289831932538,0.00538674035004732,"Threshold (troughs, total)","total-biomass trigger","Troughs
(total-biomass trigger)"
22.2,0.0285869439023767,0.687669432586138,0.00889344191610577,"Threshold (troughs, total)","total-biomass trigger","Troughs
(total-biomass trigger)"
22.4,0.0286173605848449,0.683817100772875,0.0151236450966591,"Threshold (troughs, total)","total-biomass trigger","Troughs
(total-biomass trigger)"
22.6,0.0286720402879784,0.679537180208688,0.0271362551734328,"Threshold (troughs, total)","total-biomass trigger","Troughs
(total-biomass trigger)"
22.8,0.0285043326916505,0.674513910225157,0.0532104729343977,"Threshold (troughs, total)","total-biomass trigger","Troughs
(total-biomass trigger)"
23,0.0274891688341929,0.668004784478819,0.122276108230074,"Threshold (troughs, total)","total-biomass trigger","Troughs
(total-biomass trigger)"
23.2,0.0236292011059663,0.657884417059104,0.3636282755793,"Threshold (troughs, total)","total-biomass trigger","Troughs
(total-biomass trigger)"
23.4,0.0152161637358026,0.64220654185514,0.835731652427446,"Threshold (troughs, total)","total-biomass trigger","Troughs
(total-biomass trigger)"
23.6,0.0112416418207521,0.62957702763927,0.967331652530858,"Threshold (troughs, total)","total-biomass trigger","Troughs
(total-biomass trigger)"
23.8,0.0110360767262772,0.619156442271607,0.992165891307367,"Threshold (troughs, total)","total-biomass trigger","Troughs
(total-biomass trigger)"
24,0.0118443226239464,0.60805497781172,0.998323933199859,"Threshold (troughs, total)","total-biomass trigger","Troughs
(total-biomass trigger)"
24.2,0.0130542319746003,0.595333036817485,0.999715316118654,"Threshold (troughs, total)","total-biomass trigger","Troughs
(total-biomass trigger)"
24.4,0.0146193255635683,0.580479818025119,0.999964120039899,"Threshold (troughs, total)","total-biomass trigger","Troughs
(total-biomass trigger)"
24.6,0.0166365006364612,0.562960286324899,0.999996882863124,"Threshold (troughs, total)","total-biomass trigger","Troughs
(total-biomass trigger)"
24.8,0.0192824876550167,0.542029754190295,0.999999831712506,"Threshold (troughs, total)","total-biomass trigger","Troughs
(total-biomass trigger)"
25,0.0228012806912112,0.51669691909807,0.999999995082877,"Threshold (troughs, total)","total-biomass trigger","Troughs
(total-biomass trigger)"
25.2,0.0275304477226694,0.485635894153987,0.999999999935371,"Threshold (troughs, total)","total-biomass trigger","Troughs
(total-biomass trigger)"
25.4,0.0339882094671867,0.447044840679791,0.999999999999703,"Threshold (troughs, total)","total-biomass trigger","Troughs
(total-biomass trigger)"
25.6,0.0429338235263252,0.398624953546896,1,"Threshold (troughs, total)","total-biomass trigger","Troughs
(total-biomass trigger)"
25.8,0.0550326522596231,0.337994428541644,1,"Threshold (troughs, total)","total-biomass trigger","Troughs
(total-biomass trigger)"
26,0.0682244881433459,0.266261570317734,1,"Threshold (troughs, total)","total-biomass trigger","Troughs
(total-biomass trigger)"
26.2,0.067279961589783,0.204895571408526,1,"Threshold (troughs, total)","total-biomass trigger","Troughs
(total-biomass trigger)"
26.4,0.0408304429558438,0.217482392870066,1,"Threshold (troughs, total)","total-biomass trigger","Troughs
(total-biomass trigger)"
26.6,0.0235018590065866,0.311450521496407,1,"Threshold (troughs, total)","total-biomass trigger","Troughs
(total-biomass trigger)"
26.8,0.0168268297002184,0.404175538274853,0.999999999999999,"Threshold (troughs, total)","total-biomass trigger","Troughs
(total-biomass trigger)"
27,0.0141427052283816,0.474093567980768,0.999999999987078,"Threshold (troughs, total)","total-biomass trigger","Troughs
(total-biomass trigger)"
27.2,0.0131262836890993,0.526906924632853,0.999999979577763,"Threshold (troughs, total)","total-biomass trigger","Troughs
(total-biomass trigger)"
27.4,0.012688997285206,0.567015913566731,0.99999451226493,"Threshold (troughs, total)","total-biomass trigger","Troughs
(total-biomass trigger)"
27.6,0.0124438774857546,0.597852612267853,0.999595503612314,"Threshold (troughs, total)","total-biomass trigger","Troughs
(total-biomass trigger)"
27.8,0.0123028662105244,0.621942778534149,0.988488348031531,"Threshold (troughs, total)","total-biomass trigger","Troughs
(total-biomass trigger)"
28,0.0127437129695785,0.641541118539723,0.848078211130908,"Threshold (troughs, total)","total-biomass trigger","Troughs
(total-biomass trigger)"
28.2,0.0170571962739364,0.661172909154216,0.265364882476075,"Threshold (troughs, total)","total-biomass trigger","Troughs
(total-biomass trigger)"
28.4,0.026639020835841,0.683129718796784,0.0166199236791673,"Threshold (troughs, total)","total-biomass trigger","Troughs
(total-biomass trigger)"
28.6,0.033886142795127,0.700494333501587,0.00149805971739826,"Threshold (troughs, total)","total-biomass trigger","Troughs
(total-biomass trigger)"
28.8,0.0379485418622219,0.712927738608896,0.000264854707907377,"Threshold (troughs, total)","total-biomass trigger","Troughs
(total-biomass trigger)"
29,0.0400103069066302,0.721989346530742,7.48606026136239e-05,"Threshold (troughs, total)","total-biomass trigger","Troughs
(total-biomass trigger)"
29.2,0.0409345412493524,0.728820893189724,2.88738782774271e-05,"Threshold (troughs, total)","total-biomass trigger","Troughs
(total-biomass trigger)"
29.4,0.0412309875834856,0.734137932331155,1.37553964365125e-05,"Threshold (troughs, total)","total-biomass trigger","Troughs
(total-biomass trigger)"
29.6,0.0411860869206393,0.738379447315195,7.61340216539573e-06,"Threshold (troughs, total)","total-biomass trigger","Troughs
(total-biomass trigger)"
29.8,0.0409574641862769,0.741822568945847,4.71020202572548e-06,"Threshold (troughs, total)","total-biomass trigger","Troughs
(total-biomass trigger)"
30,0.0406306355710135,0.744639840948114,3.17984323010275e-06,"Threshold (troughs, total)","total-biomass trigger","Troughs
(total-biomass trigger)"
30.2,0.0402512715402572,0.746948558728498,2.30448212083931e-06,"Threshold (troughs, total)","total-biomass trigger","Troughs
(total-biomass trigger)"
30.4,0.0398431370338294,0.748836977601917,1.77091284536477e-06,"Threshold (troughs, total)","total-biomass trigger","Troughs
(total-biomass trigger)"
30.6,0.0394180438854882,0.750355297511233,1.43296912878686e-06,"Threshold (troughs, total)","total-biomass trigger","Troughs
(total-biomass trigger)"
30.8,0.0389813104257629,0.751555519057223,1.21211208384807e-06,"Threshold (troughs, total)","total-biomass trigger","Troughs
(total-biomass trigger)"
31,0.0385347280685832,0.752482530318738,1.06511450236262e-06,"Threshold (troughs, total)","total-biomass trigger","Troughs
(total-biomass trigger)"
31.2,0.0380783028621739,0.753151554527701,9.70231488630061e-07,"Threshold (troughs, total)","total-biomass trigger","Troughs
(total-biomass trigger)"
31.4,0.0376111916367906,0.753600983874252,9.11285961346727e-07,"Threshold (troughs, total)","total-biomass trigger","Troughs
(total-biomass trigger)"
31.6,0.0371322224662492,0.753863443064819,8.78533357161283e-07,"Threshold (troughs, total)","total-biomass trigger","Troughs
(total-biomass trigger)"
31.8,0.0366403590050194,0.753939289122052,8.69289574057244e-07,"Threshold (troughs, total)","total-biomass trigger","Troughs
(total-biomass trigger)"
32,0.0361349373979382,0.753861826770742,8.78731409936666e-07,"Threshold (troughs, total)","total-biomass trigger","Troughs
(total-biomass trigger)"
32.2,0.0356158008383805,0.753661990016054,9.03565639636649e-07,"Threshold (troughs, total)","total-biomass trigger","Troughs
(total-biomass trigger)"
32.4,0.0350835624493104,0.753330908612577,9.46264151608106e-07,"Threshold (troughs, total)","total-biomass trigger","Troughs
(total-biomass trigger)"
32.6,0.0345396948996993,0.752894081575295,1.0057030919754e-06,"Threshold (troughs, total)","total-biomass trigger","Troughs
(total-biomass trigger)"
32.8,0.0339864798681683,0.75238525826073,1.07966194803932e-06,"Threshold (troughs, total)","total-biomass trigger","Troughs
(total-biomass trigger)"
33,0.0334270852829369,0.751789442831953,1.17320707135209e-06,"Threshold (troughs, total)","total-biomass trigger","Troughs
(total-biomass trigger)"
33.2,0.0328654862178086,0.751117404258022,1.28848144123029e-06,"Threshold (troughs, total)","total-biomass trigger","Troughs
(total-biomass trigger)"
33.4,0.032306171939995,0.750405035654238,1.4230636806056e-06,"Threshold (troughs, total)","total-biomass trigger","Troughs
(total-biomass trigger)"
33.6,0.0317539806108126,0.749636176970116,1.58413409288709e-06,"Threshold (troughs, total)","total-biomass trigger","Troughs
(total-biomass trigger)"
33.8,0.0312139073374678,0.748801049377923,1.77980842772902e-06,"Threshold (troughs, total)","total-biomass trigger","Troughs
(total-biomass trigger)"
34,0.0306907249714943,0.74793232080279,2.00904508336803e-06,"Threshold (troughs, total)","total-biomass trigger","Troughs
(total-biomass trigger)"
34.2,0.0301887465928895,0.747020566073454,2.28145582609848e-06,"Threshold (troughs, total)","total-biomass trigger","Troughs
(total-biomass trigger)"
34.4,0.0297117365031675,0.746036573280356,2.61703590697819e-06,"Threshold (troughs, total)","total-biomass trigger","Troughs
(total-biomass trigger)"
34.6,0.0292627283011469,0.745001924305853,3.02325914147834e-06,"Threshold (troughs, total)","total-biomass trigger","Troughs
(total-biomass trigger)"
34.8,0.0288439365487116,0.7439212790388,3.51501272059479e-06,"Threshold (troughs, total)","total-biomass trigger","Troughs
(total-biomass trigger)"
35,0.0284568636853469,0.742756161514372,4.13518197486944e-06,"Threshold (troughs, total)","total-biomass trigger","Troughs
(total-biomass trigger)"
35.2,0.0281023708463771,0.741510167479205,4.91995068417006e-06,"Threshold (troughs, total)","total-biomass trigger","Troughs
(total-biomass trigger)"
35.4,0.0277807598866527,0.740202708317799,5.90404367826913e-06,"Threshold (troughs, total)","total-biomass trigger","Troughs
(total-biomass trigger)"
35.6,0.0274919746505529,0.738801179824529,7.1785341532816e-06,"Threshold (troughs, total)","total-biomass trigger","Troughs
(total-biomass trigger)"
35.8,0.0272357434482973,0.737289091051501,8.86376302874851e-06,"Threshold (troughs, total)","total-biomass trigger","Troughs
(total-biomass trigger)"
36,0.0270116949287432,0.735692003291294,1.10751197598895e-05,"Threshold (troughs, total)","total-biomass trigger","Troughs
(total-biomass trigger)"
36.2,0.0268195720276535,0.733995379285482,1.40315950052337e-05,"Threshold (troughs, total)","total-biomass trigger","Troughs
(total-biomass trigger)"
36.4,0.0266593202992754,0.732167726476245,1.81051123303271e-05,"Threshold (troughs, total)","total-biomass trigger","Troughs
(total-biomass trigger)"
36.6,0.0265310829881172,0.730227254280135,2.37316478143196e-05,"Threshold (troughs, total)","total-biomass trigger","Troughs
(total-biomass trigger)"
36.8,0.0264354205034889,0.728180126097205,3.15728267366131e-05,"Threshold (troughs, total)","total-biomass trigger","Troughs
(total-biomass trigger)"
37,0.0263734447699953,0.725990643780628,4.28469141236057e-05,"Threshold (troughs, total)","total-biomass trigger","Troughs
(total-biomass trigger)"
37.2,0.0263466252337268,0.723658966016356,5.93110713032072e-05,"Threshold (troughs, total)","total-biomass trigger","Troughs
(total-biomass trigger)"
37.4,0.0263569068534693,0.721203931551806,8.35256763246073e-05,"Threshold (troughs, total)","total-biomass trigger","Troughs
(total-biomass trigger)"
37.6,0.0264071019847038,0.718596588420817,0.000120149996897579,"Threshold (troughs, total)","total-biomass trigger","Troughs
(total-biomass trigger)"
37.8,0.026500666401322,0.715815920716832,0.000177058390817781,"Threshold (troughs, total)","total-biomass trigger","Troughs
(total-biomass trigger)"
38,0.0266414120450695,0.712879212701054,0.000266652707725441,"Threshold (troughs, total)","total-biomass trigger","Troughs
(total-biomass trigger)"
38.2,0.0268340706921432,0.709768753617129,0.000411410282924086,"Threshold (troughs, total)","total-biomass trigger","Troughs
(total-biomass trigger)"
38.4,0.0270843601596906,0.706445143686871,0.000653840471850566,"Threshold (troughs, total)","total-biomass trigger","Troughs
(total-biomass trigger)"
38.6,0.0273977825721881,0.702908391160063,0.001070291918659,"Threshold (troughs, total)","total-biomass trigger","Troughs
(total-biomass trigger)"
38.8,0.0277789135609476,0.699144069402037,0.00180790729105142,"Threshold (troughs, total)","total-biomass trigger","Troughs
(total-biomass trigger)"
39,0.0282301064849705,0.695091324706184,0.00317719376892008,"Threshold (troughs, total)","total-biomass trigger","Troughs
(total-biomass trigger)"
39.2,0.0287448031929317,0.690704084430337,0.0058425722246821,"Threshold (troughs, total)","total-biomass trigger","Troughs
(total-biomass trigger)"
39.4,0.0292915014511354,0.685917044262868,0.0113276365043459,"Threshold (troughs, total)","total-biomass trigger","Troughs
(total-biomass trigger)"
39.6,0.0297723387847807,0.680542778557536,0.0236694635833438,"Threshold (troughs, total)","total-biomass trigger","Troughs
(total-biomass trigger)"
39.8,0.0298832549689511,0.674178336680609,0.0556180945850739,"Threshold (troughs, total)","total-biomass trigger","Troughs
(total-biomass trigger)"
40,0.0285499852008021,0.66564774647697,0.16214761604932,"Threshold (troughs, total)","total-biomass trigger","Troughs
(total-biomass trigger)"
40.2,0.0218642380979224,0.650824479288546,0.604664121422736,"Threshold (troughs, total)","total-biomass trigger","Troughs
(total-biomass trigger)"
40.4,0.0133034487109202,0.632740775321505,0.950117450692165,"Threshold (troughs, total)","total-biomass trigger","Troughs
(total-biomass trigger)"
40.6,0.0116973260632823,0.61984808668857,0.9913794252979,"Threshold (troughs, total)","total-biomass trigger","Troughs
(total-biomass trigger)"
40.8,0.012394577056429,0.607353273821858,0.998479946447601,"Threshold (troughs, total)","total-biomass trigger","Troughs
(total-biomass trigger)"
41,0.013725779398603,0.593271880308975,0.999786422680018,"Threshold (troughs, total)","total-biomass trigger","Troughs
(total-biomass trigger)"
41.2,0.0154827478030539,0.576891273057068,0.999978247474099,"Threshold (troughs, total)","total-biomass trigger","Troughs
(total-biomass trigger)"
41.4,0.0177683591451463,0.557552251864708,0.999998533754556,"Threshold (troughs, total)","total-biomass trigger","Troughs
(total-biomass trigger)"
41.6,0.0207853154834086,0.534383844755287,0.999999942062469,"Threshold (troughs, total)","total-biomass trigger","Troughs
(total-biomass trigger)"
41.8,0.0248097389191969,0.506255430203011,0.999999998853699,"Threshold (troughs, total)","total-biomass trigger","Troughs
(total-biomass trigger)"
42,0.0302479581395099,0.471629543643662,0.999999999990836,"Threshold (troughs, total)","total-biomass trigger","Troughs
(total-biomass trigger)"
42.2,0.0377328788708661,0.428463700022433,0.999999999999978,"Threshold (troughs, total)","total-biomass trigger","Troughs
(total-biomass trigger)"
42.4,0.0480881642832818,0.374268780245853,1,"Threshold (troughs, total)","total-biomass trigger","Troughs
(total-biomass trigger)"
42.6,0.0614451690680491,0.307294540413129,1,"Threshold (troughs, total)","total-biomass trigger","Troughs
(total-biomass trigger)"
42.8,0.0715868305340365,0.234134903449172,1,"Threshold (troughs, total)","total-biomass trigger","Troughs
(total-biomass trigger)"
43,0.057087290335948,0.196071892372203,1,"Threshold (troughs, total)","total-biomass trigger","Troughs
(total-biomass trigger)"
43.2,0.030811772896167,0.253774244023945,1,"Threshold (troughs, total)","total-biomass trigger","Troughs
(total-biomass trigger)"
43.4,0.0197063866732619,0.3562154570832,1,"Threshold (troughs, total)","total-biomass trigger","Troughs
(total-biomass trigger)"
43.6,0.015248522653536,0.438607571310736,0.999999999999908,"Threshold (troughs, total)","total-biomass trigger","Troughs
(total-biomass trigger)"
43.8,0.0135449292299779,0.500436777613763,0.999999999490812,"Threshold (troughs, total)","total-biomass trigger","Troughs
(total-biomass trigger)"
44,0.0128838787691086,0.547173560347677,0.999999655175519,"Threshold (troughs, total)","total-biomass trigger","Troughs
(total-biomass trigger)"
