"r","D_max","D_r","window_open"
1.001,0.00199600599200977,0.091327030614137,FALSE
1.02439174607797,0.0464879874198919,0.475073322086996,FALSE
1.04833011931335,0.0879532183841325,0.673896358689772,FALSE
1.07282789349603,0.126551597224592,0.825020179215372,FALSE
1.09789814091862,0.162435272350359,0.948685705848544,FALSE
1.12355423935203,0.19574900425568,1.05319271818411,FALSE
1.14980987918394,0.226630510914766,1.14302113088886,FALSE
1.17667907072421,0.255210797312214,1.22097242472971,FALSE
1.20417615168089,0.281614469831469,1.28897046061262,FALSE
1.23231579481102,0.305960036190985,1.34842524934693,FALSE
1.26111301575017,0.328360191586477,1.40042069513484,FALSE
1.29058318102494,0.348922091667802,1.44582076377103,FALSE
1.32074201625274,0.367747612950486,1.48533382016501,FALSE
1.35160561453315,0.384933601234701,1.51955379899507,FALSE
1.38319044503536,0.400572108578514,1.54898774084048,FALSE
1.41551336178634,0.41475061934741,1.57407489789938,FALSE
1.44859161266434,0.427552265838409,1.59520040905906,FALSE
1.48244284860251,0.439056033954488,1.61270535343639,FALSE
1.51708513300772,0.449336959383407,1.62689431601384,FALSE
1.5525369513993,0.458466314714454,1.63804119944658,FALSE
1.58881722127321,0.466511787906908,1.6463937711501,FALSE
1.62594530219661,0.473537652505263,1.65217727982185,FALSE
1.66394100613832,0.479604929978289,1.65559737480491,FALSE
1.70282460804072,0.4847715445419,1.65684249458815,FALSE
1.74261685663872,0.48909247080943,1.65608584504759,FALSE
1.7833389855315,0.492619874597327,1.65348705631614,FALSE
1.82501272451301,0.495403247199346,1.64919358475922,FALSE
1.86766031116722,0.497489533428128,1.64334191044444,FALSE
1.91130450273437,0.498923253709417,1.63605856877231,FALSE
1.95596858825449,0.499746620501265,1.62746104628032,FALSE
2.00167640099467,0.499999649298127,1.6176585641627,FALSE
2.04845233116683,0.499720264467969,1.60675276815652,FALSE
2.09632133894252,0.49894440015923,1.59483833970584,FALSE
2.14530896777206,0.49770609650366,1.5820035404307,FALSE
2.19544135801472,0.496037591330838,1.56833069968009,FALSE
2.24674526088759,0.493969407600296,1.55389665318228,FALSE
2.2992480527403,0.491530436747832,1.53877313940696,FALSE
2.35297774966333,0.488748018133646,1.52302715913741,FALSE
2.40796302243779,0.485648014771372,1.50672130285295,FALSE
2.46423321183439,0.482254885508943,1.4899140497953,FALSE
2.52181834427007,0.478591753824425,1.47266004200006,FALSE
2.58074914783043,0.474680473392536,1.45501033608921,FALSE
2.64105706866657,0.470541690570454,1.43701263521961,FALSE
2.70277428777513,0.466194903944766,1.41871150325041,FALSE
2.76593373817042,0.461658521074918,1.40014856291492,FALSE
2.8305691224579,0.456949912562376,1.38136267955017,FALSE
2.8967149308182,0.452085463568803,1.36239013174157,FALSE
2.96440645941156,0.447080622900922,1.34326477007389,FALSE
3.0336798292122,0.441949949774393,1.32401816503901,FALSE
3.10457200528291,0.436707158363878,1.30467974503006,FALSE
3.17712081650003,0.43136516024158,1.28527692524797,FALSE
3.25136497573938,0.425936104801884,1.26583522825717,FALSE
3.32734410053387,0.420431417765258,1.24637839685012,FALSE
3.40509873421389,0.414861837850306,1.2269284998127,FALSE
3.4846703675417,0.409237451698825,1.2075060311244,FALSE
3.56610146085134,0.403567727134812,1.18813000307545,FALSE
3.64943546670598,0.397861544834691,1.16881803373824,FALSE
3.73471685308471,0.39212722848247,1.14958642919047,FALSE
3.82199112711114,0.386372573480185,1.13045026085212,FALSE
3.91130485933654,0.380604874280752,1.11142343826729,FALSE
4.0027057085904,0.374830950407285,1.09251877763389,FALSE
4.09624244741175,0.369057171219999,1.07374806635941,FALSE
4.19196498807473,0.363289479489012,1.05512212389864,FALSE
4.28992440922235,0.357533413828699,1.03665085910906,FALSE
4.39017298312265,0.351794130046678,1.01834332434182,FALSE
4.49276420356176,0.3460764214581,1.00020776646948,FALSE
4.59775281438882,0.340384738213568,0.98225167503745,FALSE
4.70519483872792,0.334723205686796,0.964481827711992,FALSE
4.81514760887265,0.329095641966008,0.946904333186035,FALSE
4.92766979687932,0.323505574491048,0.929524671692431,FALSE
5.04282144587499,0.317956255876249,0.912347733264338,FALSE
5.16066400209719,0.312450678957257,0.895377853873004,FALSE
5.28126034768236,0.306991591098263,0.878618849564606,FALSE
5.40467483422044,0.301581507794403,0.862074048709977,FALSE
5.53097331709363,0.296222725602497,0.845746322473738,FALSE
5.66022319061756,0.290917334431765,0.829638113602654,FALSE
5.79249342400371,0.285667229224696,0.813751463626846,FALSE
5.92785459816214,0.280474121056863,0.798088038561715,FALSE
6.06637894336425,0.275339547683137,0.782649153193155,FALSE
6.20814037778572,0.270264883556503,0.767435794023628,FALSE
6.35321454695009,0.265251349344447,0.752448640952141,FALSE
6.50167886409404,0.260300020966746,0.737688087756822,FALSE
6.65361255147602,0.255411838177393,0.723154261444847,FALSE
6.80909668265014,0.25058761271232,0.708847040530724,FALSE
6.96821422572793,0.245828036023602,0.694766072300473,FALSE
7.13105008765111,0.241133686619838,0.68091078911596,FALSE
7.29769115949885,0.236505037031523,0.667280423810657,FALSE
7.46822636285391,0.231942460419336,0.653874024225166,FALSE
7.64274669725216,0.227446236842431,0.640690466928252,FALSE
7.82134528874101,0.223016559203034,0.62772847016655,FALSE
8.0041174395725,0.218653538882898,0.614986606083801,FALSE
8.19116067905771,0.214357211086428,0.602463312248235,FALSE
8.3825748156095,0.210127539904604,0.59015690252463,FALSE
8.5784619900014,0.205964423113188,0.578065577325628,FALSE
8.77892672987112,0.201867696718034,0.566187433275029,FALSE
8.98407600549771,0.19783713925978,0.55452047231406,FALSE
9.19401928688207,0.193872475889565,0.543062610279945,FALSE
9.40886860216146,0.18997338222691,0.531811684984583,FALSE
9.62873859738894,0.186139488010379,0.520765463819672,FALSE
9.85374659770985,0.182370380551113,0.509921650913218,FALSE
10.0840126699678,0.178665607998892,0.499277893861095,FALSE
10.3196596867739,0.175024682429892,0.488831790056069,FALSE
10.5608133920726,0.171447082764909,0.478580892635536,FALSE
10.8076024682406,0.167932257526382,0.468522716068137,FALSE
11.0601586047528,0.164479627442159,0.458654741398353,FALSE
11.3186165684535,0.161088587903602,0.448974421167215,FALSE
11.5831142754696,0.157758511285234,0.439479184026309,FALSE
11.8537928648041,0.154488749132802,0.430166439061398,FALSE
12.1307967736496,0.151278634226334,0.421033579841123,FALSE
12.4142738144614,0.1481274825244,0.412077988205465,FALSE
12.7043752538322,0.145034594995558,0.403297037807898,FALSE
13.0012558932097,0.141999259342623,0.394688097424442,FALSE
13.3050741515,0.139020751625176,0.386248534042159,FALSE
13.6159921496023,0.136098337785448,0.377975715738992,FALSE
13.9341757969181,0.133231275082464,0.369867014366234,FALSE
14.2597948798823,0.130418813439131,0.361919808044348,FALSE
14.5930231525638,0.127660196706694,0.354131483482307,FALSE
14.9340384293816,0.124954663850794,0.346499438130095,FALSE
15.2830226799897,0.122301450063152,0.33902108217354,FALSE
15.6401621263774,0.119699787802721,0.331693840380161,FALSE
16.00564734224,0.11714890776994,0.324515153804285,FALSE
16.3796733546707,0.114648039817578,0.317482481359244,FALSE
16.7624397482296,0.112196413801469,0.310593301264102,FALSE
17.1541507714442,0.109793260374281,0.303845112371936,FALSE
17.5550154457986,0.107437811725325,0.297235435386377,FALSE
17.96524767727,0.105129302269246,0.290761813972739,FALSE
18.3850663704713,0.102866969286306,0.28442181576977,FALSE
18.8146955454609,0.100650053516852,0.278213033307718,FALSE
19.2543644572827,0.0984777997124153,0.272133084838148,FALSE
19.7043077182991,0.0963494571457683,0.266179615080632,FALSE
20.1647654233825,0.0942642800821846,0.260350295891196,FALSE
20.6359832780334,0.0922215282139915,0.254642826857136,FALSE
21.1182127294908,0.0902204670604362,0.249054935822596,FALSE
21.6117111009081,0.0882603683347724,0.243584379349054,FALSE
22.1167417286632,0.0863405102803848,0.238228943114666,FALSE
22.6335741028778,0.0844601779776763,0.232986442256187,FALSE
23.1624840112208,0.0826186636233602,0.227854721657029,FALSE
23.7037536860714,0.0808152667837171,0.222831656184794,FALSE
24.2576719551216,0.0790492946232977,0.217915150881469,FALSE
24.824534395498,0.0773200621104802,0.21310314110929,FALSE
25.4046434914852,0.0756268922012197,0.208393592655141,FALSE
25.9983087959348,0.0739691160022614,0.203784501796162,FALSE
26.6058470954464,0.0723460729150217,0.199273895329161,FALSE
27.2275825794083,0.0707571107612866,0.194859830566222,FALSE
27.8638470129891,0.0692015858918121,0.190540395298816,FALSE
28.514979914171,0.067678863278861,0.186313707732589,FALSE
29.1813287349208,0.0661883165936565,0.182177916394865,FALSE
29.8632490465941,0.0647293282696809,0.178131200016821,FALSE
30.561104729672,0.0633012895527041,0.174171767392163,FALSE
31.2752681679323,0.0619036005383765,0.170297857214043,FALSE
32.0061204471577,0.0605356701981819,0.166507737891856,FALSE
32.7540515584871,0.059196916394502,0.162799707349469,FALSE
33.5194606065198,0.0578867658855067,0.159172092806348,FALSE
34.3027560222821,0.0566046543205451,0.155623250542966,FALSE
35.1043557811708,0.0553500262266797,0.152151565651798,FALSE
35.9246876259897,0.0541223349869687,0.14875545177514,FALSE
36.7641892951979,0.0529210428110735,0.145433350830905,FALSE
37.6233087564922,0.051745620698733,0.142183732727507,FALSE
38.5025044458476,0.0505955483966224,0.139005095068856,FALSE
39.4022455121443,0.049470314349082,0.135895962850441,FALSE
40.3230120675107,0.0483694156431785,0.132854888147419,FALSE
41.2652954435166,0.0472923579485338,0.129880449795582,FALSE
42.2295984533538,0.0462386554523349,0.126971253065997,FALSE
43.2164356601423,0.0452078307899133,0.124125929334098,FALSE
44.2263336515077,0.044199414971263,0.121343135743953,FALSE
45.2598313205742,0.0432129473038439,0.118621554868355,FALSE
46.3174801535236,0.0422479753120006,0.115959894365406,FALSE
47.3998445238757,0.0413040546533034,0.113356886632162,FALSE
48.5075019936435,0.0403807490321071,0.110811288455904,FALSE
49.6410436215274,0.0394776301106005,0.108321880663567,FALSE
50.8010742783106,0.0385942774176073,0.105887467769801,FALSE
51.9882129696254,0.0377302782553832,0.103506877624131,FALSE
53.2030931662615,0.036885227604639,0.101178961057639,FALSE
54.4463631421931,0.0360587280280062,0.0989025915295731,FALSE
55.7186863205057,0.0352503895721493,0.0966766647742463,FALSE
57.0207416274059,0.0344598296687172,0.0945000984485812,FALSE
58.3532238545043,0.0336866730343107,0.0923718317806175,FALSE
59.7168440295645,0.0329305515696388,0.0902908252192851,FALSE
61.1123297959152,0.032191104258019,0.0882560600857197,FALSE
62.5404258007294,0.0314679770633723,0.0862665382263807,FALSE
64.0018940923763,0.0307608228278503,0.0843212816682079,FALSE
65.4975145270593,0.0300693011692255,0.0824193322760392,FALSE
67.0280851849563,0.0293930783781667,0.0805597514124932,FALSE
68.5944227960839,0.0287318273155118,0.0787416196005014,FALSE
70.1973631761145,0.0280852273096452,0.0769640361886645,FALSE
71.8377616723767,0.0274529640540789,0.0752261190195884,FALSE
73.5164936202784,0.0268347295053276,0.0735270041013435,FALSE
75.2344548103962,0.0262302217811651,0.0718658452821785,FALSE
76.9925619664791,0.0256391450593406,0.0702418139286075,FALSE
78.791753234623,0.0250612094768286,0.068654098606976,FALSE
80.6329886838758,0.0244961310296805,0.0671019047686036,FALSE
82.5172508185418,0.0239436314735407,0.0655844544385878,FALSE
84.445545102457,0.0234034382248865,0.0641009859083471,FALSE
86.418900495516,0.0228752842630426,0.062650753431969,FALSE
88.438370002737,0.0223589080330225,0.061233026926423,FALSE
90.5050312361568,0.0218540533492387,0.059847091675689,FALSE
92.6199869898576,0.0213604693001252,0.0584922480388451,FALSE
94.7843658284303,0.0208779101537075,0.0571678111621496,FALSE
96.9993226891891,0.0204061352641562,0.0558731106951498,FALSE
99.2660394984601,0.0199449089793518,0.0546074905108383,FALSE
101.58572580227,0.0194940005494918,0.0533703084298769,FALSE
103.959619411773,0.0190531840367614,0.0521609359488988,FALSE
106.388987063763,0.0186222382260914,0.050978757972898,FALSE
108.875125096617,0.0182009465370222,0.0498231725517073,FALSE
111.419360142039,0.017789096936691,0.048693590620564,FALSE
114.02304983296,0.0173864818539553,0.0475894357447568,FALSE
116.687583527993,0.0169928980946676,0.0465101438683444,FALSE
119.414383052806,0.0166081467581087,0.0454551630669328,FALSE
122.204903458828,0.0162320331545909,0.0444239533044942,FALSE
125.060633799679,0.015864366724236,0.0434159861942076,FALSE
127.983097925744,0.0155049609569333,0.0424307447633001,FALSE
130.973855297323,0.0151536333134818,0.0414677232218616,FALSE
134.034501816771,0.0148102051479189,0.0405264267356069,FALSE
137.166670680092,0.0144745016310342,0.0396063712025546,FALSE
140.372033248433,0.0141463516750705,0.0387070830335916,FALSE
143.652299939936,0.013825587859609,0.0378280989368886,FALSE
147.009221142444,0.0135120463586346,0.0369689657061318,FALSE
150.444588147523,0.0132055668687803,0.0361292400125336,FALSE
153.960234106315,0.0129059925387426,0.0353084882005837,FALSE
157.558035007733,0.0126131698998653,0.0345062860875005,FALSE
161.239910679505,0.0123269487978819,0.0337222187663435,FALSE
165.007825812621,0.0120471823258123,0.0329558804127419,FALSE
168.86379100971,0.0117737267580039,0.0322068740951999,FALSE
172.809863857923,0.0115064414853091,0.0314748115889317,FALSE
176.848150026887,0.0112451889513894,0.0307593131931842,FALSE
180.980804392309,0.0109898345901378,0.0300600075520018,FALSE
185.210032185846,0.0107402467642068,0.0293765314783866,FALSE
189.538090171843,0.0104962967046341,0.028708529781809,FALSE
193.967287851566,0.010257858451552,0.0280556550990225,FALSE
198.499988695577,0.010024808795971,0.0274175677281352,FALSE
203.138611404914,0.00979702722262578,0.0267939354658914,FALSE
207.885631201731,0.009574395853869,0.026184433448116,FALSE
212.743581150112,0.00935679939460392,0.025588743993275,FALSE
217.715053507734,0.00914412507824043,0.0250065564491044,FALSE
222.802701109137,0.00893626261366309,0.0244375670422599,FALSE
228.009238781295,0.00873310413319753,0.0238814787309411,FALSE
233.337444792286,0.0085345441415622,0.0233380010604417,FALSE
238.790162333807,0.00834047946579208,0.0228068500215807,FALSE
244.370301038331,0.00815080920612093,0.0222877479119651,FALSE
250.080838531722,0.00796543468780852,0.0217804232000403,FALSE
255.924822022131,0.00778425941389921,0.0212846103918795,FALSE
261.905369926017,0.00760718901889827,0.0208000499006675,FALSE
268.025673532176,0.00743413122335224,0.0203264879188324,FALSE
274.288998704644,0.00726499578931965,0.0198636762927801,FALSE
280.698687625402,0.0070996944767183,0.0194113724001863,FALSE
287.258160577801,0.00693814100053557,0.0189693390298013,FALSE
293.970917771667,0.00678025098888797,0.0185373442637232,FALSE
300.840541211049,0.00662594194191632,0.0181151613620962,FALSE
307.870696605621,0.00647513319150311,0.0177025686501899,FALSE
315.065135326745,0.00632774586179832,0.0172993494078162,FALSE
322.427696409246,0.0061837028305405,0.0169052917610431,FALSE
329.962308599963,0.00604292869115948,0.0165201885761609,FALSE
337.672992454179,0.00590534971564774,0.0161438373558614,FALSE
345.563862481027,0.00577089381818701,0.0157760401375875,FALSE
353.639129339046,0.00563949051951713,0.0154166033940134,FALSE
361.903102083034,0.00551107091203431,0.0150653379356155,FALSE
370.360190463408,0.00538556762560566,0.0147220588152942,FALSE
379.0149072793,0.0052629147940876,0.0143865852350067,FALSE
387.871870786633,0.00514304802253538,0.0140587404543751,FALSE
396.935807162484,0.00502590435509115,0.0137383517012284,FALSE
406.211553027017,0.00491142224353851,0.0134252500840436,FALSE
415.704058024364,0.00479954151651106,0.0131192705062483,FALSE
425.41838746381,0.00469020334934314,0.0128202515823477,FALSE
435.359725022702,0.00458335023455068,0.0125280355558421,FALSE
445.533375512517,0.00447892595293051,0.012242468218898,FALSE
455.944767709567,0.00437687554526643,0.0119633988337384,FALSE
466.599457251864,0.00427714528463071,0.0116906800557201,FALSE
477.503129603665,0.00417968264926953,0.0114241678580611,FALSE
488.661603089302,0.00408443629606145,0.0111637214581885,FALSE
500.08083199791,0.00399135603453763,0.0109092032456724,FALSE
511.766909760701,0.0039003928014533,0.0106604787117141,FALSE
523.726072202486,0.00381149863589944,0.0104174163801582,FALSE
535.96470086919,0.00372462665494442,0.0101798877399964,FALSE
548.489326433112,0.00363973102979516,0.00994776717933356,FALSE
561.306632177765,0.00355676696246754,0.00972093192078653,FALSE
574.423457564159,0.00347569066295606,0.009499261958285,FALSE
587.846801880411,0.00339645932689291,0.00928263999524715,FALSE
601.583827976645,0.00331903111368661,0.00907095138410105,FALSE
615.641866087175,0.00324336512513077,0.00886408406712416,FALSE
630.028417741997,0.00316942138447342,0.00866192851857379,FALSE
644.751159769692,0.00309716081593778,0.00846437768808159,FALSE
659.817948393875,0.00302654522468527,0.008271326945286,FALSE
675.236823425357,0.00295753727721179,0.00808267402567664,FALSE
691.016012552288,0.00289010048216862,0.00789831897762553,FALSE
707.163935730542,0.00282419917159909,0.00771816411058013,FALSE
723.6892096767,0.00275979848258266,0.00754211394439396,FALSE
740.600652466031,0.00269686433927799,0.00737007515977073,FALSE
757.907288237921,0.00263536343535685,0.00720195654979865,FALSE
775.618352011248,0.00257526321682079,0.00703766897255184,FALSE
793.743294612305,0.0025165318651926,0.00687712530473624,FALSE
812.291787717859,0.00245913828107496,0.00672024039635796,FALSE
831.273729016073,0.00240305206806839,0.00656693102639218,FALSE
850.699247488029,0.00234824351704131,0.00641711585943158,FALSE
870.578708812661,0.00229468359074464,0.00627071540329316,FALSE
890.922720898005,0.0022423439087638,0.00612765196756307,FALSE
911.742139541698,0.00219119673280109,0.00598784962305956,FALSE
933.048074223757,0.00214121495228141,0.00585123416219401,FALSE
954.851894034722,0.00209237207027459,0.00571773306021115,FALSE
977.16523374234,0.00204464218972758,0.00558727543728936,FALSE
1000,0.001998,0.00545979202148252,FALSE
